DateTime,Open,High,Low,Close,Symbol
2015-03-30,0.0006169750000000001,0.02517258,0.00017768879999999999,0.0004022677,XEM
2015-03-31,0.0003979645,0.0004565605,0.000170905,0.000268565,XEM
2015-04-01,0.000270864,0.000320112,0.0002240784,0.0003127248,XEM
2015-04-02,0.00032080199999999997,0.000330906,0.000295542,0.00031069800000000004,XEM
2015-04-03,0.0003130104,0.00031810000000000003,0.0002519352,0.0002773832,XEM
2015-04-04,0.0002756501,0.0002756501,0.0002124276,0.0002225432,XEM
2015-04-05,0.0002284832,0.00030118239999999996,0.0002284832,0.0002959896,XEM
2015-04-06,0.0002906658,0.0002906658,0.0002345724,0.0002447712,XEM
2015-04-07,0.00024285119999999997,0.0002580294,0.00023020269999999998,0.0002377918,XEM
2015-04-08,0.00022989579999999998,0.00023967859999999997,0.0002152216,0.00022500439999999998,XEM
2015-04-09,0.00022385439999999998,0.0002287208,0.00017519039999999998,0.00019465599999999997,XEM
2015-04-10,0.00018778399999999998,0.00019013129999999998,0.0001478799,0.0001619637,XEM
2015-04-11,0.00016317119999999997,0.00017263039999999998,0.0001442528,0.0001466176,XEM
2015-04-12,0.000146227,0.000155661,0.000122642,0.0001438685,XEM
2015-04-13,0.0001363899,0.0001855797,0.0001363899,0.0001587489,XEM
2015-04-14,0.0001547729,0.0001678523,0.0001438734,0.0001504131,XEM
2015-04-15,0.00015384929999999998,0.0001672275,0.00015384929999999998,0.0001605384,XEM
2015-04-16,0.0001641456,0.0001755446,0.00015958599999999997,0.0001732648,XEM
2015-04-17,0.0001691684,0.0001691684,0.00014913530000000002,0.0001513612,XEM
2015-04-18,0.00015187799999999998,0.0001585785,0.00013624349999999998,0.0001496445,XEM
2015-04-19,0.0001494234,0.0001494234,0.0001248912,0.0001315818,XEM
2015-04-20,0.0001323016,0.00014351360000000002,0.00012557440000000002,0.00012781680000000003,XEM
2015-04-21,0.0001332261,0.00014491259999999999,0.0001308888,0.00013556339999999998,XEM
2015-04-22,0.0001355924,0.00014494359999999999,0.0001332546,0.0001355924,XEM
2015-04-23,0.000136532,0.00015065600000000002,0.00013417800000000002,0.00014124,XEM
2015-04-24,0.000138654,0.0001478976,0.000138654,0.0001432758,XEM
2015-04-25,0.00014020679999999998,0.00014020679999999998,0.0001311612,0.0001379454,XEM
2015-04-26,0.000133407,0.000168399,0.000133407,0.00015746399999999998,XEM
2015-04-27,0.0001648512,0.0001648512,0.0001465344,0.000148824,XEM
2015-04-28,0.0001467765,0.0001535508,0.0001400022,0.0001467765,XEM
2015-04-29,0.000146523,0.00015328559999999998,0.000146523,0.0001510314,XEM
2015-04-30,0.00015796590000000002,0.00015796590000000002,0.00015325050000000002,0.00015796590000000002,XEM
2015-05-01,0.00015625070000000003,0.0001585828,0.0001515865,0.0001539186,XEM
2015-05-02,0.0001553244,0.0001576778,0.0001388506,0.00014826420000000002,XEM
2015-05-03,0.0001511937,0.0001559935,0.000143994,0.0001487938,XEM
2015-05-04,0.0001481614,0.0001529408,0.0001386026,0.000143382,XEM
2015-05-05,0.00014149199999999998,0.0001462084,0.0001367756,0.0001462084,XEM
2015-05-06,0.0001426186,0.0001564204,0.0001426186,0.0001495195,XEM
2015-05-07,0.0001545245,0.0001545245,0.0001378834,0.0001497699,XEM
2015-05-08,0.00015355620000000002,0.0001559936,0.0001486814,0.0001511188,XEM
2015-05-09,0.000149668,0.000154496,0.000147254,0.000154496,XEM
2015-05-10,0.00015357440000000002,0.00015357440000000002,0.000143976,0.0001487752,XEM
2015-05-11,0.0001499222,0.0001668489,0.0001475041,0.0001644308,XEM
2015-05-12,0.0001642744,0.0001739376,0.00015461120000000001,0.0001642744,XEM
2015-05-13,0.00016073839999999998,0.0001749212,0.0001560108,0.0001583746,XEM
2015-05-14,0.00015872300000000002,0.000168199,0.000144509,0.00016583,XEM
2015-05-15,0.00016603999999999998,0.000180272,0.000156552,0.00016129599999999998,XEM
2015-05-16,0.00016063639999999997,0.00016063639999999997,0.0001535495,0.0001582741,XEM
2015-05-17,0.00015832100000000003,0.000184314,0.00015832100000000003,0.000170136,XEM
2015-05-18,0.00016750079999999998,0.0001814592,0.0001535424,0.00016284799999999997,XEM
2015-05-19,0.000162414,0.00017633520000000003,0.000162414,0.0001670544,XEM
2015-05-20,0.0001684512,0.0001848284,0.0001661116,0.00017313040000000002,XEM
2015-05-21,0.0001741812,0.0001812426,0.0001694736,0.0001718274,XEM
2015-05-22,0.0001754701,0.00018027750000000002,0.000168259,0.00017306640000000001,XEM
2015-05-23,0.0001720368,0.000179205,0.0001720368,0.000179205,XEM
2015-05-24,0.000180735,0.000192784,0.0001783252,0.0001855546,XEM
2015-05-25,0.00018280570000000002,0.000189928,0.0001804316,0.0001851798,XEM
2015-05-26,0.00018551520000000002,0.00020454240000000002,0.0001831368,0.0001997856,XEM
2015-05-27,0.0001993236,0.0002016965,0.0001874591,0.00019695069999999998,XEM
2015-05-28,0.0001969756,0.0001969756,0.0001827364,0.0001827364,XEM
2015-05-29,0.0001825131,0.00019199429999999999,0.0001825131,0.00018725369999999999,XEM
2015-05-30,0.00018424379999999998,0.00018424379999999998,0.0001679184,0.0001772472,XEM
2015-05-31,0.0001746784,0.0001815736,0.00017238,0.00017238,XEM
2015-06-01,0.000167355,0.00018297479999999997,0.0001651236,0.0001740492,XEM
2015-06-02,0.00017607720000000003,0.000180592,0.00017381980000000003,0.00017607720000000003,XEM
2015-06-03,0.0001759602,0.0001759602,0.0001691925,0.0001759602,XEM
2015-06-04,0.0001748916,0.0001771338,0.00016816500000000001,0.0001726494,XEM
2015-06-05,0.0001734733,0.0001734733,0.0001622088,0.0001689675,XEM
2015-06-06,0.000168555,0.00017304980000000002,0.0001595654,0.0001618128,XEM
2015-06-07,0.0001608984,0.0001676025,0.0001608984,0.0001676025,XEM
2015-06-08,0.0001714275,0.0001714275,0.00013714199999999998,0.00013714199999999998,XEM
2015-06-09,0.00013773599999999998,0.0001561008,0.00012855360000000002,0.00015150960000000002,XEM
2015-06-10,0.0001510014,0.0001578651,0.0001395619,0.0001487135,XEM
2015-06-11,0.000149422,0.0001517208,0.0001356292,0.0001448244,XEM
2015-06-12,0.0001451898,0.00014979900000000002,0.0001428852,0.0001474944,XEM
2015-06-13,0.00014878719999999998,0.0001580864,0.00014646239999999998,0.00015111199999999999,XEM
2015-06-14,0.0001519375,0.00015895,0.00011921249999999999,0.00014492499999999999,XEM
2015-06-15,0.00014694,0.00015642,0.0001422,0.00014694,XEM
2015-06-16,0.0001548884,0.00017237579999999998,0.0001548884,0.000162383,XEM
2015-06-17,0.000160797,0.0001632708,0.0001583232,0.000160797,XEM
2015-06-18,0.000161486,0.0001689392,0.0001540328,0.0001540328,XEM
2015-06-19,0.0001513606,0.0001586845,0.00014891929999999998,0.0001586845,XEM
2015-06-20,0.000159237,0.0001616868,0.0001494378,0.0001616868,XEM
2015-06-21,0.000161106,0.000163547,0.000156224,0.000156224,XEM
2015-06-22,0.0001583744,0.00016579820000000003,0.00015342520000000002,0.00015342520000000002,XEM
2015-06-23,0.0001511312,0.0001633192,0.0001486936,0.000158444,XEM
2015-06-24,0.000156364,0.000156364,0.0001491472,0.0001515528,XEM
2015-06-25,0.0001528128,0.00016008960000000002,0.0001479616,0.0001479616,XEM
2015-06-26,0.0001481995,0.0001579175,0.000140911,0.000150629,XEM
2015-06-27,0.0001554526,0.0001604672,0.0001479307,0.0001529453,XEM
2015-06-28,0.00015181679999999999,0.0001567944,0.0001418616,0.00014435039999999999,XEM
2015-06-29,0.00014904260000000002,0.0001644608,0.00014904260000000002,0.00015418200000000002,XEM
2015-06-30,0.000158472,0.000158472,0.0001399836,0.0001399836,XEM
2015-07-01,0.0001365386,0.00015199579999999999,0.0001391148,0.00014684340000000002,XEM
2015-07-02,0.00014528160000000002,0.00015037919999999998,0.0001350864,0.000140184,XEM
2015-07-03,0.00014047000000000002,0.000150686,0.000130254,0.000137916,XEM
2015-07-04,0.000140697,0.00014330250000000003,0.0001172475,0.000119853,XEM
2015-07-05,0.0001242644,0.0001296672,0.0001242644,0.0001269658,XEM
2015-07-06,0.0001264676,0.00015606639999999998,0.00012108599999999999,0.0001506848,XEM
2015-07-07,0.0001490776,0.00015706389999999997,0.0001437534,0.00015440179999999998,XEM
2015-07-08,0.0001558112,0.0001558112,0.0001423792,0.0001423792,XEM
2015-07-09,0.0001426442,0.0001507184,0.00013187859999999997,0.0001372614,XEM
2015-07-10,0.0001446462,0.0001786806,0.00014181,0.00015599100000000002,XEM
2015-07-11,0.0001605835,0.00016642290000000004,0.0001430653,0.000145985,XEM
2015-07-12,0.00015522,0.00018626399999999998,0.0001583244,0.000170742,XEM
2015-07-13,0.00015969250000000002,0.000168403,0.0001422715,0.000162596,XEM
2015-07-14,0.0001606976,0.000157828,0.00015208879999999999,0.0001549584,XEM
2015-07-15,0.00015304680000000003,0.00015871520000000001,0.0001473784,0.00015304680000000003,XEM
2015-07-16,0.0001493586,0.0001493586,0.0001465927,0.0001465927,XEM
2015-07-17,0.0001481986,0.00015379100000000002,0.0001454024,0.0001481986,XEM
2015-07-18,0.0001452465,0.0001507275,0.0001452465,0.000147987,XEM
2015-07-19,0.00014751720000000002,0.000163908,0.0001393218,0.0001447854,XEM
2015-07-20,0.00014717040000000002,0.00014717040000000002,0.00013884,0.0001416168,XEM
2015-07-21,0.00014029589999999998,0.0001457977,0.00014029589999999998,0.00014029589999999998,XEM
2015-07-22,0.0001409946,0.0001548176,0.00013822999999999998,0.0001409946,XEM
2015-07-23,0.00014051519999999998,0.0001818432,0.00014051519999999998,0.0001763328,XEM
2015-07-24,0.0001845568,0.0001845568,0.0001672546,0.0001672546,XEM
2015-07-25,0.0001674692,0.0001790188,0.00016458180000000002,0.0001761314,XEM
2015-07-26,0.00017797969999999998,0.0001808974,0.0001546381,0.0001604735,XEM
2015-07-27,0.0001611555,0.0001728759,0.0001611555,0.0001728759,XEM
2015-07-28,0.000173283,0.000173283,0.000158598,0.000158598,XEM
2015-07-29,0.00015571980000000002,0.000173022,0.00015571980000000002,0.0001672546,XEM
2015-07-30,0.00016647159999999997,0.0001693418,0.0001607312,0.0001607312,XEM
2015-07-31,0.00015888880000000002,0.0001645634,0.00015605150000000002,0.00015605150000000002,XEM
2015-08-01,0.00015425850000000003,0.0001654773,0.00015145380000000002,0.00015145380000000002,XEM
2015-08-02,0.0001519344,0.00015474800000000002,0.0001491208,0.0001519344,XEM
2015-08-03,0.0001520532,0.000154869,0.00014078999999999999,0.00014923739999999998,XEM
2015-08-04,0.000150679,0.00015636500000000003,0.00014214999999999999,0.000153522,XEM
2015-08-05,0.00015212880000000002,0.00015212880000000002,0.00014086,0.00014086,XEM
2015-08-06,0.000139,0.00014178,0.00013622,0.00013622,XEM
2015-08-07,0.0001361661,0.0001500606,0.000138945,0.0001417239,XEM
2015-08-08,0.000131886,0.00013964400000000002,0.000118956,0.000126714,XEM
2015-08-09,0.00012929629999999998,0.0001372124,0.00012929629999999998,0.0001345737,XEM
2015-08-10,0.00013428300000000002,0.00013954900000000002,0.000129017,0.000129017,XEM
2015-08-11,0.00013182469999999997,0.00014258589999999999,0.0001291344,0.0001372053,XEM
2015-08-12,0.0001365066,0.0001365066,0.00011777040000000002,0.0001231236,XEM
2015-08-13,0.0001211824,0.0001290856,0.00011854799999999999,0.00011854799999999999,XEM
2015-08-14,0.00011926349999999998,0.00012456409999999998,0.00011926349999999998,0.00011926349999999998,XEM
2015-08-15,0.00011723399999999998,0.00013026,0.00011723399999999998,0.00012244439999999998,XEM
2015-08-16,0.0001208464,0.0001259888,0.0001182752,0.0001182752,XEM
2015-08-17,0.0001182798,0.00012085109999999999,0.000102852,0.0001131372,XEM
2015-08-18,0.00010855680000000001,0.0001159584,0.0001036224,0.000111024,XEM
2015-08-19,0.00010169999999999999,0.00010396,9.944000000000001e-05,0.00010169999999999999,XEM
2015-08-20,0.000105597,0.000105597,0.00010090380000000001,0.00010090380000000001,XEM
2015-08-21,9.9932e-05,0.000102256,9.7608e-05,0.000102256,XEM
2015-08-22,0.0001009976,0.00010329299999999999,9.87022e-05,9.87022e-05,XEM
2015-08-23,9.75025e-05,0.0001020375,9.29675e-05,9.977e-05,XEM
2015-08-24,9.302920000000001e-05,9.302920000000001e-05,8.245770000000001e-05,8.245770000000001e-05,XEM
2015-08-25,8.599890000000001e-05,9.48193e-05,8.599890000000001e-05,9.040909999999999e-05,XEM
2015-08-26,9.22377e-05,9.44874e-05,8.77383e-05,9.22377e-05,XEM
2015-08-27,9.131929999999999e-05,0.0001002285,8.9092e-05,9.80012e-05,XEM
2015-08-28,0.0001019216,0.00010423799999999999,9.265599999999999e-05,9.72888e-05,XEM
2015-08-29,9.597e-05,0.00010282499999999999,8.9115e-05,0.00010282499999999999,XEM
2015-08-30,0.00010278,0.00010278,8.907600000000001e-05,9.592800000000001e-05,XEM
2015-08-31,9.63774e-05,0.00010555619999999999,9.408269999999999e-05,0.00010096680000000001,XEM
2015-09-01,9.995920000000001e-05,9.995920000000001e-05,9.31438e-05,9.541560000000001e-05,XEM
2015-09-02,9.60246e-05,9.83109e-05,9.145199999999999e-05,9.37383e-05,XEM
2015-09-03,9.274199999999999e-05,9.274199999999999e-05,9.047999999999999e-05,9.047999999999999e-05,XEM
2015-09-04,9.21e-05,9.6705e-05,9.21e-05,9.6705e-05,XEM
2015-09-05,9.81414e-05,9.81414e-05,8.87946e-05,9.3468e-05,XEM
2015-09-06,9.5944e-05,9.83426e-05,9.354540000000001e-05,9.5944e-05,XEM
2015-09-07,9.5832e-05,0.0001006236,9.34362e-05,9.5832e-05,XEM
2015-09-08,9.7296e-05,0.0001021608,9.48636e-05,9.7296e-05,XEM
2015-09-09,9.4964e-05,9.97122e-05,8.78417e-05,9.25899e-05,XEM
2015-09-10,9.285120000000001e-05,9.76128e-05,9.047040000000001e-05,9.285120000000001e-05,XEM
2015-09-11,9.356100000000001e-05,9.596e-05,8.8763e-05,8.8763e-05,XEM
2015-09-12,8.7172e-05,9.423999999999999e-05,8.7172e-05,9.1884e-05,XEM
2015-09-13,8.97741e-05,8.97741e-05,8.74722e-05,8.97741e-05,XEM
2015-09-14,8.966490000000001e-05,9.88613e-05,7.816939999999999e-05,9.88613e-05,XEM
2015-09-15,9.86979e-05,0.0001354227,8.72214e-05,0.0001055838,XEM
2015-09-16,0.000105156,0.000128016,9.8298e-05,0.00010744199999999999,XEM
2015-09-17,0.0001093784,0.00011170559999999999,9.77424e-05,0.00010006960000000001,XEM
2015-09-18,9.985030000000001e-05,0.0001068166,9.52061e-05,0.00010217240000000001,XEM
2015-09-19,0.00010168840000000001,0.00010168840000000001,9.47551e-05,0.00010168840000000001,XEM
2015-09-20,0.0001016796,0.0001224777,9.936870000000001e-05,0.00010399049999999999,XEM
2015-09-21,0.0001018485,0.00012900810000000002,9.958520000000002e-05,0.00012221820000000002,XEM
2015-09-22,0.0001242054,0.0001334058,0.00011500499999999999,0.00011960519999999999,XEM
2015-09-23,0.00011954279999999999,0.0001264395,0.00011034719999999998,0.00011494499999999999,XEM
2015-09-24,0.00011687999999999999,0.00013558079999999997,0.00011687999999999999,0.0001309056,XEM
2015-09-25,0.0001316168,0.00013631739999999998,0.00011751499999999999,0.0001316168,XEM
2015-09-26,0.000131208,0.00013823699999999998,0.000126522,0.000128865,XEM
2015-09-27,0.000127875,0.0001395,0.000127875,0.000132525,XEM
2015-09-28,0.0001361559,0.0001695977,0.0001218237,0.0001504881,XEM
2015-09-29,0.0001491273,0.0001704312,0.00014202599999999998,0.0001491273,XEM
2015-09-30,0.0001486359,0.0001911033,0.0001486359,0.0001863847,XEM
2015-10-01,0.0001872695,0.0001872695,0.00013037750000000002,0.0001493415,XEM
2015-10-02,0.0001491273,0.0001491273,0.00011125370000000001,0.0001254563,XEM
2015-10-03,0.00012644740000000002,0.0001288332,0.0001121326,0.0001216758,XEM
2015-10-04,0.0001215483,0.00012393160000000002,0.00011201510000000001,0.0001167817,XEM
2015-10-05,0.00011767349999999999,0.0001272795,0.0001128705,0.000124878,XEM
2015-10-06,0.0001279928,0.0001402998,0.00011814719999999998,0.0001378384,XEM
2015-10-07,0.00013606880000000001,0.00013606880000000001,0.00010691120000000001,0.00011906019999999999,XEM
2015-10-08,0.00011886419999999999,0.00011886419999999999,0.00010430940000000001,0.0001164384,XEM
2015-10-09,0.00011713919999999999,0.00011957959999999999,0.0001122584,0.0001146988,XEM
2015-10-10,0.0001153145,0.0001202215,0.0001005935,0.0001104075,XEM
2015-10-11,0.0001114425,0.000123825,0.0001114425,0.000118872,XEM
2015-10-12,0.00011776799999999999,0.000122675,0.0001104075,0.0001153145,XEM
2015-10-13,0.0001169266,0.00012439,0.000111951,0.000111951,XEM
2015-10-14,0.0001135485,0.00013121160000000002,0.00010597860000000001,0.00011102520000000002,XEM
2015-10-15,0.0001119536,0.0001246756,0.0001068648,0.0001119536,XEM
2015-10-16,0.0001156628,0.00012617759999999998,0.0001025193,0.0001209202,XEM
2015-10-17,0.0001240068,0.00012939839999999997,0.00012131099999999999,0.0001240068,XEM
2015-10-18,0.00012036820000000001,0.0001229849,0.0001177515,0.00012036820000000001,XEM
2015-10-19,0.0001213572,0.00012663359999999998,0.000105528,0.0001160808,XEM
2015-10-20,0.00011869,0.00011869,0.000113295,0.00011869,XEM
2015-10-21,0.00011752840000000002,0.0001201995,0.0001121862,0.00011485730000000001,XEM
2015-10-22,0.00011800060000000001,0.000123489,0.00011251220000000001,0.00012074480000000001,XEM
2015-10-23,0.00012184480000000001,0.00012184480000000001,0.00011353720000000001,0.00012184480000000001,XEM
2015-10-24,0.00012432640000000002,0.0001299776,0.000113024,0.0001186752,XEM
2015-10-25,0.0001209012,0.0001209012,0.00011226540000000001,0.00011226540000000001,XEM
2015-10-26,0.0001112085,0.00012261449999999998,0.00010835699999999999,0.00011405999999999999,XEM
2015-10-27,0.00011786400000000001,0.0001208106,0.0001090242,0.00011786400000000001,XEM
2015-10-28,0.000121416,0.0001456992,0.00011534520000000002,0.000136593,XEM
2015-10-29,0.0001411335,0.00015054239999999998,0.0001317246,0.00015054239999999998,XEM
2015-10-30,0.00015701759999999998,0.0001602888,0.0001406616,0.0001537464,XEM
2015-10-31,0.0001462828,0.0001680696,0.00013383320000000002,0.0001431704,XEM
2015-11-01,0.00014855699999999998,0.00014855699999999998,0.000135639,0.00014532749999999998,XEM
2015-11-02,0.00016167599999999997,0.0001652688,0.00010778399999999998,0.0001544904,XEM
2015-11-03,0.0001704907,0.0001704907,0.0001268768,0.0001467013,XEM
2015-11-04,0.0001483293,0.00018040049999999997,0.0001322937,0.00018040049999999997,XEM
2015-11-05,0.00017221499999999998,0.00017221499999999998,0.00013394499999999998,0.000145426,XEM
2015-11-06,0.0001405278,0.0001442259,0.0001331316,0.0001442259,XEM
2015-11-07,0.0001501851,0.0001617378,0.0001232288,0.00014633419999999999,XEM
2015-11-08,0.0001411928,0.0001523396,0.0001374772,0.000148624,XEM
2015-11-09,0.000152088,0.00015589020000000001,0.0001368792,0.0001482858,XEM
2015-11-10,0.0001313091,0.0001447767,0.0001245753,0.00013804289999999999,XEM
2015-11-11,0.00012493109999999998,0.0001310253,0.00010969559999999999,0.0001157898,XEM
2015-11-12,0.000126863,0.00013020150000000002,0.000120186,0.000126863,XEM
2015-11-13,0.0001268326,0.0001268326,0.00011348179999999998,0.0001201572,XEM
2015-11-14,0.00011943719999999999,0.0001393434,0.0001061664,0.00011611949999999998,XEM
2015-11-15,0.00011110749999999999,0.00012697999999999998,9.523499999999999e-05,0.0001238055,XEM
2015-11-16,0.0001287819,0.00013208399999999998,7.925039999999999e-05,0.00010566719999999999,XEM
2015-11-17,0.00010685120000000001,0.00012020760000000001,9.349480000000001e-05,0.00011019030000000001,XEM
2015-11-18,0.0001108536,0.0001209312,0.0001041352,0.0001142128,XEM
2015-11-19,0.0001104932,0.0001104932,0.00010724340000000002,0.00010724340000000002,XEM
2015-11-20,0.0001059696,0.0001091808,9.6336e-05,0.00010275840000000001,XEM
2015-11-21,0.000103904,0.000107151,9.416299999999999e-05,9.416299999999999e-05,XEM
2015-11-22,9.360619999999998e-05,0.0001032896,9.360619999999998e-05,0.0001032896,XEM
2015-11-23,0.0001030784,0.00010629960000000001,0.0001030784,0.00010629960000000001,XEM
2015-11-24,0.00010505550000000001,0.0001114225,0.00010505550000000001,0.00010505550000000001,XEM
2015-11-25,0.0001080816,0.00011135679999999998,9.17056e-05,0.0001048064,XEM
2015-11-26,0.00011319680000000001,0.00011319680000000001,8.8435e-05,9.550980000000001e-05,XEM
2015-11-27,9.70704e-05,0.00011145119999999999,9.34752e-05,0.00010426079999999998,XEM
2015-11-28,0.00010319069999999999,0.00010319069999999999,8.895749999999999e-05,9.96324e-05,XEM
2015-11-29,0.0001038352,0.00010754359999999998,0.0001001268,0.0001038352,XEM
2015-11-30,0.00010583160000000001,0.00013606920000000002,0.00010205190000000001,0.00012095040000000001,XEM
2015-12-01,0.00011577600000000001,0.000130248,9.045e-05,0.000101304,XEM
2015-12-02,0.00010079440000000001,0.00011879340000000001,9.71946e-05,0.000107994,XEM
2015-12-03,0.000108093,0.0001225054,0.00010448989999999999,0.00011529920000000001,XEM
2015-12-04,0.0001157344,0.00011935110000000001,0.000108501,0.000108501,XEM
2015-12-05,0.00011600699999999999,0.00011600699999999999,9.667249999999999e-05,0.0001044063,XEM
2015-12-06,0.00010621260000000001,0.0001258816,9.8345e-05,0.00010621260000000001,XEM
2015-12-07,0.0001064556,0.000137998,0.0001064556,0.0001301124,XEM
2015-12-08,0.0001355211,0.0001396278,0.000123201,0.0001355211,XEM
2015-12-09,0.00013728000000000001,0.00014144,0.0001248,0.00013728000000000001,XEM
2015-12-10,0.0001371117,0.0001371117,0.0001288019,0.0001371117,XEM
2015-12-11,0.0001484439,0.0001484439,0.0001169558,0.00013494899999999998,XEM
2015-12-12,0.000129687,0.0001642702,0.000129687,0.00014265570000000002,XEM
2015-12-13,0.00014344770000000002,0.00014344770000000002,0.000130407,0.0001347539,XEM
2015-12-14,0.00013701999999999999,0.00013701999999999999,0.00010607999999999999,0.00012376000000000002,XEM
2015-12-15,0.00012954200000000001,0.0001989395,0.00011566249999999999,0.0001711805,XEM
2015-12-16,0.0001679726,0.0003223258,0.0001679726,0.0002451492,XEM
2015-12-17,0.00024598619999999997,0.0002505415,0.0001685461,0.0001913226,XEM
2015-12-18,0.0001945356,0.0001945356,0.0001343222,0.000162113,XEM
2015-12-19,0.00016141999999999998,0.000170644,0.00013836,0.00016141999999999998,XEM
2015-12-20,0.00015462299999999997,0.00022530779999999998,0.0001457874,0.00021647219999999998,XEM
2015-12-21,0.00021441909999999996,0.00021879499999999998,0.00017503599999999997,0.00020566729999999997,XEM
2015-12-22,0.0002054041,0.00021414469999999998,0.00017918229999999997,0.00020103379999999999,XEM
2015-12-23,0.0002035178,0.0002035178,0.0001548505,0.00017254770000000002,XEM
2015-12-24,0.00017666220000000002,0.00020837080000000001,0.0001676026,0.0001857218,XEM
2015-12-25,0.0001861605,0.00019070100000000002,0.0001679985,0.00017707950000000002,XEM
2015-12-26,0.00016199430000000002,0.00016199430000000002,0.00014537949999999999,0.0001495332,XEM
2015-12-27,0.0001520604,0.00016473210000000001,0.0001393887,0.0001478365,XEM
2015-12-28,0.000147616,0.0001644864,0.0001391808,0.0001602688,XEM
2015-12-29,0.00016412960000000002,0.0001814064,0.0001468528,0.00016412960000000002,XEM
2015-12-30,0.00016231699999999998,0.00016231699999999998,0.0001495025,0.0001580455,XEM
2015-12-31,0.0001590815,0.00017198,0.0001504825,0.0001590815,XEM
2016-01-01,0.0001605763,0.0001779359,0.0001605763,0.00016925610000000001,XEM
2016-01-02,0.00016915080000000002,0.000173488,0.0001604764,0.000173488,XEM
2016-01-03,0.00017228,0.000254113,0.000167973,0.00019812199999999998,XEM
2016-01-04,0.0001993272,0.00020799359999999997,0.0001863276,0.0001863276,XEM
2016-01-05,0.000185416,0.000198352,0.000185416,0.000189728,XEM
2016-01-06,0.0001895608,0.000258492,0.0001895608,0.0002412592,XEM
2016-01-07,0.00025594800000000004,0.00033821700000000003,0.00022395449999999998,0.0002605185,XEM
2016-01-08,0.00025813590000000003,0.0002807794,0.00023096369999999999,0.00025813590000000003,XEM
2016-01-09,0.0002555367,0.0002734691,0.0002465705,0.0002555367,XEM
2016-01-10,0.0002543283,0.000267714,0.0002364807,0.00024986640000000004,XEM
2016-01-11,0.0002507232,0.0002731092,0.00024624600000000004,0.0002641548,XEM
2016-01-12,0.0002625736,0.0002714744,0.0002581232,0.0002625736,XEM
2016-01-13,0.0002549862,0.0003111696,0.0002117682,0.0002895606,XEM
2016-01-14,0.0002875171,0.000343304,0.0002832258,0.000300391,XEM
2016-01-15,0.000260582,0.00028291760000000003,0.000260582,0.0002680272,XEM
2016-01-16,0.0002772288,0.00030033120000000005,0.0002772288,0.0002964808,XEM
2016-01-17,0.00029450190000000005,0.00037099590000000003,0.00027920310000000004,0.0003403983,XEM
2016-01-18,0.00034211599999999995,0.000591976,0.00034211599999999995,0.000565068,XEM
2016-01-19,0.0005578062,0.0007171793999999999,0.0003680762,0.0005464224,XEM
2016-01-20,0.0005969952,0.0006301616,0.0004228716,0.00047676699999999996,XEM
2016-01-21,0.00047177600000000003,0.0005004928,0.0004143424,0.0004799808,XEM
2016-01-22,0.0004477005,0.000505098,0.00041708849999999993,0.00046683299999999994,XEM
2016-01-23,0.0004741042,0.0004741042,0.0003924961,0.00040026830000000006,XEM
2016-01-24,0.0004141939,0.00043832169999999995,0.0003659383,0.00039408739999999997,XEM
2016-01-25,0.0003849048,0.0004241808,0.000373122,0.00041239799999999996,XEM
2016-01-26,0.0004092689999999999,0.00044045139999999993,0.0003585976,0.00042486019999999995,XEM
2016-01-27,0.0004305718,0.0004503228,0.00038711959999999994,0.0004108208,XEM
2016-01-28,0.0003948776,0.0004328466,0.0003872838,0.0004328466,XEM
2016-01-29,0.00043353060000000005,0.00048677120000000006,0.00042592480000000005,0.0004677567000000001,XEM
2016-01-30,0.0004646448,0.0004986432,0.0004268688,0.0004986432,XEM
2016-01-31,0.00048818879999999997,0.0005140775999999999,0.00042531599999999996,0.00048449039999999994,XEM
2016-02-01,0.0004875558,0.0006624803999999999,0.0004801122,0.0006103752,XEM
2016-02-02,0.0006132288,0.0007179263999999999,0.0005720976,0.0006394032,XEM
2016-02-03,0.0006293141999999999,0.0006366745999999999,0.00055203,0.0005704309999999999,XEM
2016-02-04,0.0006055075,0.0006601984999999999,0.000593788,0.0006367595,XEM
2016-02-05,0.0006299297999999999,0.0006724404,0.0006183359999999999,0.0006492528,XEM
2016-02-06,0.0006328224,0.000640356,0.0005800872,0.0006139884,XEM
2016-02-07,0.0006160422,0.0006311598,0.00056691,0.0005971452,XEM
2016-02-08,0.0005887554,0.0006073869,0.0005365872,0.0005365872,XEM
2016-02-09,0.0005404607999999999,0.0005704864,0.0005066819999999999,0.000525448,XEM
2016-02-10,0.000534632,0.0005766387999999999,0.0005002628,0.0005231756,XEM
2016-02-11,0.0005198465,0.0006412704999999999,0.000493285,0.0006109145,XEM
2016-02-12,0.0006183044000000001,0.0006221448,0.0005222944,0.0005453368,XEM
2016-02-13,0.000553942,0.0005851500000000001,0.000534437,0.000561744,XEM
2016-02-14,0.00058392,0.00060014,0.00055959,0.00057581,XEM
2016-02-15,0.0005695194,0.0005775408,0.00046524119999999993,0.0005053482,XEM
2016-02-16,0.0005120892,0.0005527312,0.0004145484,0.0004511262,XEM
2016-02-17,0.00046302539999999997,0.0005839959999999999,0.0003921116,0.0005547961999999999,XEM
2016-02-18,0.000560462,0.0006152439999999999,0.000518322,0.00054782,XEM
2016-02-19,0.0005459740000000001,0.0007097662,0.0005459740000000001,0.000587972,XEM
2016-02-20,0.0006160839999999999,0.0007349002000000001,0.0005764785999999999,0.0006908942,XEM
2016-02-21,0.0006874559,0.000744379,0.0006436689,0.0006524263,XEM
2016-02-22,0.0006523071,0.0007223535000000001,0.0006260397,0.0006698187,XEM
2016-02-23,0.000642447,0.0006970339999999999,0.000621452,0.000646646,XEM
2016-02-24,0.0006509888000000001,0.000676352,0.000570672,0.0006340800000000001,XEM
2016-02-25,0.00063522,0.0006479244,0.0006055764000000001,0.00063522,XEM
2016-02-26,0.00064098,0.0006495264,0.000619614,0.0006324336,XEM
2016-02-27,0.000638324,0.0006728280000000001,0.000616759,0.0006469500000000001,XEM
2016-02-28,0.0006487050000000001,0.0006616791,0.000605458,0.0006443803000000001,XEM
2016-02-29,0.0006499529,0.0006586770999999999,0.0006194181999999999,0.0006237803,XEM
2016-03-01,0.0006206772000000001,0.0006554004,0.000607656,0.0006250176,XEM
2016-03-02,0.0006125184,0.0006508008,0.0005827432,0.0006125184,XEM
2016-03-03,0.0006041664,0.000650318,0.0005999708000000001,0.000650318,XEM
2016-03-04,0.000634694,0.0007329692,0.0006265044,0.0007206848,XEM
2016-03-05,0.00070224,0.0012369,0.00065037,0.0010134599999999999,XEM
2016-03-06,0.0010311384,0.001705032,0.0009905424,0.0016157208,XEM
2016-03-07,0.0016511826,0.0017009669999999998,0.0014437476,0.0016013982,XEM
2016-03-08,0.001589934,0.0016517189999999998,0.0006343259999999999,0.001334556,XEM
2016-03-09,0.0013373424,0.0015437224000000001,0.0012960664,0.0013538527999999998,XEM
2016-03-10,0.0013639224,0.0014470884,0.0012682815,0.0013223394,XEM
2016-03-11,0.0013327698,0.0014878405,0.0013243876,0.0013746808,XEM
2016-03-12,0.0013459808,0.0013623952,0.0011941476,0.0013295664,XEM
2016-03-13,0.0013362084,0.0013362084,0.001195989,0.0012207336,XEM
2016-03-14,0.0012263576,0.0012595024000000002,0.0010896353,0.0012180714,XEM
2016-03-15,0.0012204821999999998,0.0012412387,0.0010917918999999998,0.0011540614,XEM
2016-03-16,0.0011562298,0.0013725030000000002,0.0011395934,0.0012934801,XEM
2016-03-17,0.0013004776,0.0013088408000000002,0.0011875744,0.0012043008,XEM
2016-03-18,0.0011755008,0.0014571312,0.0011591744,0.0013183568000000002,XEM
2016-03-19,0.0013200687,0.0013486770000000002,0.0011770272,0.0012097224,XEM
2016-03-20,0.0012181288,0.0013251266,0.0011810911,0.0012633971,XEM
2016-03-21,0.0012621077,0.0012867743000000002,0.0012168856,0.0012333300000000001,XEM
2016-03-22,0.00124863,0.0013360341,0.0012403058,0.0013152236,XEM
2016-03-23,0.0013176568,0.0013259964,0.0012467702000000002,0.0012884682000000001,XEM
2016-03-24,0.0012815466000000001,0.001285694,0.0012276304,0.0012359252,XEM
2016-03-25,0.0012388158,0.001953837,0.0012305016,0.001496556,XEM
2016-03-26,0.001499436,0.0018159836,0.0013786481,0.0014244642,XEM
2016-03-27,0.0014520294,0.0017152628,0.0014095724,0.0015709090000000003,XEM
2016-03-28,0.001562177,0.0017268388999999997,0.0015241781,0.0015410665,XEM
2016-03-29,0.00151475,0.00156455,0.0014525000000000002,0.00151475,XEM
2016-03-30,0.0015054060000000001,0.0015219036,0.0014352912,0.0014806596,XEM
2016-03-31,0.0014922194,0.0015961344,0.0014548100000000002,0.0014631232000000003,XEM
2016-04-01,0.0014630528000000001,0.0015129295999999999,0.001413176,0.0014256452,XEM
2016-04-02,0.0014354893,0.0014438595,0.0012722704,0.0013559724,XEM
2016-04-03,0.0013577544,0.0014206134000000002,0.0013116578,0.0013954698,XEM
2016-04-04,0.0013963689,0.0014131420999999999,0.001299923,0.0013292761,XEM
2016-04-05,0.0013379619,0.0013632861,0.0012957549,0.001350624,XEM
2016-04-06,0.0013480319999999999,0.0013817328,0.0013311815999999998,0.0013522446,XEM
2016-04-07,0.0013486494,0.0014452816,0.0013444479999999998,0.0014200731999999998,XEM
2016-04-08,0.0014117921999999999,0.0014911533,0.0013867308,0.0014159691,XEM
2016-04-09,0.0014171895,0.0015300630000000001,0.0013419405000000002,0.0013753845,XEM
2016-04-10,0.0013826225,0.0014708750000000002,0.001370015,0.001437255,XEM
2016-04-11,0.0014412906,0.0014497192,0.0013317188,0.0013822904,XEM
2016-04-12,0.0013931472,0.0014058894000000001,0.001316694,0.0013506732,XEM
2016-04-13,0.0013466346000000002,0.0018039822,0.0013466346000000002,0.0015837778000000002,XEM
2016-04-14,0.0015858348,0.001611276,0.0013865454,0.0013950257999999999,XEM
2016-04-15,0.0014103243,0.0015003450000000002,0.0013974642,0.0014274711,XEM
2016-04-16,0.0014320665,0.0015481800000000001,0.001427766,0.0015266775,XEM
2016-04-17,0.001513223,0.001641101,0.0014791221999999999,0.0015473238,XEM
2016-04-18,0.0015525147,0.0016337758,0.0015182995,0.0016038375,XEM
2016-04-19,0.0016309500000000002,0.0017092356,0.0015744104000000002,0.0016092040000000004,XEM
2016-04-20,0.0016322920000000002,0.0016940543999999999,0.0015308252,0.001566118,XEM
2016-04-21,0.0015951569999999998,0.0016670513999999998,0.0015412362,0.0015906636,XEM
2016-04-22,0.0015762912,0.0016341775999999999,0.00155848,0.0015851967999999997,XEM
2016-04-23,0.0016022847999999999,0.0016022847999999999,0.001485264,0.0014942656,XEM
2016-04-24,0.0015190992,0.0015602796,0.0014687676000000002,0.0014779188,XEM
2016-04-25,0.0014913879000000001,0.0015929685000000001,0.0014636841,0.0015329436000000001,XEM
2016-04-26,0.00154712,0.00180342,0.0014958600000000001,0.00177546,XEM
2016-04-27,0.0017031080999999999,0.0017656895000000001,0.0015868854999999999,0.0016002958,XEM
2016-04-28,0.0016055584000000001,0.0016279824,0.0015831344,0.0016279824,XEM
2016-04-29,0.0016515774000000001,0.0016970754,0.0016060794000000002,0.0016515774000000001,XEM
2016-04-30,0.0016281638999999998,0.0016461051,0.0015788256,0.0016102227,XEM
2016-05-01,0.0016235416,0.0016597208,0.0015692727999999999,0.0015873624,XEM
2016-05-02,0.0015590718,0.0015946062,0.0014391432,0.0015546300000000002,XEM
2016-05-03,0.001575945,0.0016074639,0.001530918,0.0015714423,XEM
2016-05-04,0.001555842,0.0015736740000000002,0.001475598,0.001506804,XEM
2016-05-05,0.0015145103999999999,0.0016175688,0.0015055488,0.0015458759999999998,XEM
2016-05-06,0.001585482,0.0016498204,0.0015211436,0.0015579084000000001,XEM
2016-05-07,0.0015541794,0.0015541794,0.0014808258,0.0014991642,XEM
2016-05-08,0.0014972349,0.0015430219,0.0014239756999999999,0.0014422904999999999,XEM
2016-05-09,0.001450386,0.0015701004,0.0014411772,0.0015608916,XEM
2016-05-10,0.0015233304000000002,0.001550292,0.0014739008,0.0015188368,XEM
2016-05-11,0.00152945,0.001642575,0.001452525,0.0015701749999999998,XEM
2016-05-12,0.0015768721,0.0016495809,0.0014632646000000001,0.0015132519,XEM
2016-05-13,0.0015165153,0.0015392858,0.0014072169,0.0014345415,XEM
2016-05-14,0.001437786,0.0014925588,0.001414964,0.00148343,XEM
2016-05-15,0.0014888574999999999,0.0015896417,0.0014384654,0.0015529929,XEM
2016-05-16,0.0015420093,0.0015420093,0.0014601327,0.0014874249,XEM
2016-05-17,0.0014821275,0.00154105,0.0014322699999999998,0.0014322699999999998,XEM
2016-05-18,0.0014353352,0.0015897700000000003,0.0014353352,0.001544348,XEM
2016-05-19,0.001505044,0.00177064,0.001505044,0.0017175208000000002,XEM
2016-05-20,0.0017153868,0.0017374922999999999,0.0015473850000000003,0.0016181226,XEM
2016-05-21,0.0016237224,0.0017346324,0.0016059768,0.0017035775999999997,XEM
2016-05-22,0.0016881408,0.0017101218,0.0016265940000000003,0.0016397826,XEM
2016-05-23,0.0016549637,0.0017037696,0.0016061578,0.0016061578,XEM
2016-05-24,0.0016149182,0.0016773736,0.0015881515999999999,0.0016327626,XEM
2016-05-25,0.0016461948,0.0016686837999999999,0.0014527893999999998,0.0014572871999999999,XEM
2016-05-26,0.001468692,0.0015593520000000002,0.0013599,0.001482291,XEM
2016-05-27,0.0015501435,0.001640213,0.00142215,0.00142215,XEM
2016-05-28,0.00157266,0.0016041132,0.0014887848,0.0015569334,XEM
2016-05-29,0.0015326684999999998,0.0017029649999999999,0.0014965449999999997,0.0015791129999999998,XEM
2016-05-30,0.0016287156,0.0019853298,0.0016021026,0.001809684,XEM
2016-05-31,0.0017983279999999999,0.00198345,0.0017613035999999999,0.0019517147999999998,XEM
2016-06-01,0.001983006,0.0020259979999999998,0.0018862739999999999,0.001950762,XEM
2016-06-02,0.001949673,0.001981899,0.0018691080000000002,0.001885221,XEM
2016-06-03,0.0019902753,0.0020356376999999997,0.0019732644,0.0019902753,XEM
2016-06-04,0.0020075445,0.002036142,0.0019274715000000002,0.0020018250000000005,XEM
2016-06-05,0.002012185,0.0020179341,0.0019489449,0.0019489449,XEM
2016-06-06,0.0019783362000000003,0.0021592460000000005,0.0019783362000000003,0.0020250226000000002,XEM
2016-06-07,0.0019972626,0.0020663322000000002,0.0019166814,0.0019397046000000002,XEM
2016-06-08,0.0019563187,0.001973734,0.0017937759,0.0018518268999999999,XEM
2016-06-09,0.0018332611000000001,0.0019826805000000003,0.0018332611000000001,0.0018734894000000002,XEM
2016-06-10,0.0018839214000000001,0.0019994993999999998,0.0018608058,0.001964826,XEM
2016-06-11,0.00201144,0.00201144,0.0017748000000000002,0.001839876,XEM
2016-06-12,0.0020729704999999997,0.0022729355,0.001986319,0.002066305,XEM
2016-06-13,0.0021702170000000003,0.0025412541,0.0021702170000000003,0.0023312331000000003,XEM
2016-06-14,0.0022815162,0.002432247,0.002260962,0.002260962,XEM
2016-06-15,0.002279541,0.0024453257999999998,0.002279541,0.0024038796,XEM
2016-06-16,0.0026490108,0.0028012528,0.0024815446000000002,0.0026185624,XEM
2016-06-17,0.002559016,0.003012795,0.002536699,0.003012795,XEM
2016-06-18,0.0030527685,0.0065351859,0.0029698538000000004,0.004891967299999999,XEM
2016-06-19,0.0049391496,0.006773256000000001,0.0048554352,0.006057878399999999,XEM
2016-06-20,0.005842401200000001,0.0062314053,0.0048075035,0.0051084312,XEM
2016-06-21,0.0046449648,0.0050453927999999995,0.004538184,0.0047250504,XEM
2016-06-22,0.0041811648,0.004960704,0.00413392,0.0048484975999999996,XEM
2016-06-23,0.0050970964,0.007387996,0.0049729284,0.007201744000000001,XEM
2016-06-24,0.007619924,0.008211125,0.0056558229,0.007488546,XEM
2016-06-25,0.007564127999999999,0.007696832000000001,0.0066219296,0.007166016000000002,XEM
2016-06-26,0.0067544280000000016,0.011570084999999999,0.0066293459999999995,0.010882134,XEM
2016-06-27,0.011217083999999999,0.018050480000000004,0.010379026000000001,0.012764267999999999,XEM
2016-06-28,0.012768821999999999,0.013220245,0.008706015,0.010447218,XEM
2016-06-29,0.010311948,0.012476183999999998,0.008911559999999999,0.012157913999999999,XEM
2016-06-30,0.012797382,0.01306539,0.00938028,0.010117302,XEM
2016-07-01,0.010186007,0.010928034000000001,0.009713808,0.010051093,XEM
2016-07-02,0.010401094,0.011867019999999999,0.010331288000000001,0.011587796,XEM
2016-07-03,0.010983224,0.011115552,0.010652404,0.010718568,XEM
2016-07-04,0.010937592,0.011005108,0.008844596,0.009654788000000003,XEM
2016-07-05,0.009490481000000002,0.010021417,0.008826810999999999,0.009158646000000001,XEM
2016-07-06,0.009283260000000003,0.009350530000000001,0.0076015100000000006,0.0080724,XEM
2016-07-07,0.0076230000000000004,0.009147599999999999,0.0075594749999999995,0.00800415,XEM
2016-07-08,0.008351028,0.008483583999999999,0.008019637999999999,0.008152194,XEM
2016-07-09,0.008017509,0.008538973,0.007952326000000001,0.008213058,XEM
2016-07-10,0.008153585999999999,0.008347719,0.00776532,0.008088875,XEM
2016-07-11,0.008083875,0.009571308000000002,0.008019204,0.008989269000000001,XEM
2016-07-12,0.009320784,0.009589008000000001,0.008717279999999999,0.008851392,XEM
2016-07-13,0.00872718,0.00899164,0.0066115,0.007999915,XEM
2016-07-14,0.007952724999999999,0.00828135,0.007887,0.00801845,XEM
2016-07-15,0.008103240000000001,0.00823608,0.00783756,0.00790398,XEM
2016-07-16,0.007862211000000001,0.007928280000000001,0.00726759,0.007465797000000001,XEM
2016-07-17,0.007642529,0.0077777950000000005,0.00743963,0.007642529,XEM
2016-07-18,0.007575294,0.007575294,0.0064155366,0.0067038,XEM
2016-07-19,0.006711000000000001,0.00751632,0.0066170460000000006,0.00731499,XEM
2016-07-20,0.00724196,0.00737484,0.00677688,0.00684332,XEM
2016-07-21,0.006845586,0.007044972,0.006546507,0.0069120480000000005,XEM
2016-07-22,0.006771544,0.007617987,0.0067064329999999995,0.00716221,XEM
2016-07-23,0.0072067599999999996,0.0072067599999999996,0.006682632,0.006748148,XEM
2016-07-24,0.006790686999999999,0.007120332000000002,0.006658829,0.007054402999999999,XEM
2016-07-25,0.006997799999999999,0.007063200000000002,0.00635034,0.0066708,XEM
2016-07-26,0.006674676,0.007001866,0.0064390992,0.006609238,XEM
2016-07-27,0.006610853999999999,0.006676308,0.0064799459999999994,0.006610853999999999,XEM
2016-07-28,0.006606713,0.006606713,0.0064889696,0.006521676099999999,XEM
2016-07-29,0.006534637099999999,0.006750928999999999,0.006534637099999999,0.006685386,XEM
2016-07-30,0.006678348000000001,0.007071192000000002,0.006678348000000001,0.007005717999999999,XEM
2016-07-31,0.006654009,0.006716196000000002,0.006280887,0.006467448000000001,XEM
2016-08-01,0.0063128,0.0063735,0.00537195,0.00549942,XEM
2016-08-02,0.0046516757999999995,0.004928927999999999,0.004461706699999999,0.004667078699999999,XEM
2016-08-03,0.0051489396,0.005579434000000001,0.00509796,0.0051319464,XEM
2016-08-04,0.0052205532,0.005364608200000001,0.0052032666,0.005306986200000001,XEM
2016-08-05,0.0052926186,0.0052926186,0.0050397682,0.0052466458,XEM
2016-08-06,0.005354288500000001,0.005377746500000001,0.0046916,0.004937909000000001,XEM
2016-08-07,0.004974957,0.0052290225000000004,0.004951323,0.0049572315,XEM
2016-08-08,0.0049437236,0.006245944,0.004884799600000001,0.005568318,XEM
2016-08-09,0.0055306125,0.0061451249999999995,0.0053901525,0.0054252675,XEM
2016-08-10,0.0054780138,0.005873943600000001,0.005460285600000001,0.005708480400000001,XEM
2016-08-11,0.005678534400000001,0.007289216,0.005613872000000001,0.0068777280000000005,XEM
2016-08-12,0.006869538,0.006986966,0.006282398,0.006517254,XEM
2016-08-13,0.006488949000000001,0.0069566210000000005,0.0063135720000000025,0.0066058670000000005,XEM
2016-08-14,0.006430378,0.006601096,0.0062027539999999996,0.006259659999999999,XEM
2016-08-15,0.00623645,0.0064065350000000005,0.005952975,0.006066365,XEM
2016-08-16,0.006208033,0.006382090000000001,0.0061500140000000005,0.0063240710000000006,XEM
2016-08-17,0.006238506,0.006581910000000001,0.006238506,0.006410208,XEM
2016-08-18,0.006421967999999999,0.006995358,0.006421967999999999,0.006938018999999999,XEM
2016-08-19,0.006952175999999999,0.006952175999999999,0.006205248000000002,0.006435071999999999,XEM
2016-08-20,0.006525232,0.006700015,0.006117405,0.006350449,XEM
2016-08-21,0.006329194,0.0064453259999999995,0.006038864,0.0060969299999999995,XEM
2016-08-22,0.006168435,0.006285929,0.005463471000000001,0.005639712,XEM
2016-08-23,0.0056021759999999995,0.005893956,0.0054446148,0.0058356,XEM
2016-08-24,0.0057966,0.006144396,0.0057270407999999995,0.005912532,XEM
2016-08-25,0.0058951920000000005,0.006184172,0.005779600000000001,0.005837396,XEM
2016-08-26,0.005851637,0.005967511,0.0055677457,0.005793700000000001,XEM
2016-08-27,0.005703500000000001,0.00604571,0.005669279,0.005874605,XEM
2016-08-28,0.005922294,0.006094788,0.005807298,0.005864796,XEM
2016-08-29,0.005857146000000001,0.005971992000000001,0.005656165500000001,0.005857146000000001,XEM
2016-08-30,0.005888664000000001,0.006004128000000001,0.0053575296,0.005773200000000001,XEM
2016-08-31,0.0057388000000000005,0.0057388000000000005,0.005365778,0.0056068075999999994,XEM
2016-09-01,0.0055883423,0.005834298000000001,0.0054682244,0.0055769025,XEM
2016-09-02,0.005609077499999999,0.005810429,0.005436490499999999,0.0055112782,XEM
2016-09-03,0.0057368872000000005,0.0057847944,0.0054195020000000005,0.0055572352,XEM
2016-09-04,0.005656623999999999,0.005815107,0.005510332,0.005705388,XEM
2016-09-05,0.0056699136,0.0057486624,0.005391264000000001,0.005730489599999999,XEM
2016-09-06,0.0057747624,0.006104400000000001,0.005512273200000001,0.005677092000000001,XEM
2016-09-07,0.005702853000000001,0.005751909800000001,0.005500493700000001,0.0055495505,XEM
2016-09-08,0.0056614085,0.006318257000000001,0.005605107200000001,0.006318257000000001,XEM
2016-09-09,0.006293915999999999,0.006543179999999999,0.0057393036,0.005895093599999999,XEM
2016-09-10,0.005907959199999999,0.0060828248,0.005714358,0.0058954687999999995,XEM
2016-09-11,0.0057169583999999996,0.0058077999,0.005529219300000001,0.0057290705999999995,XEM
2016-09-12,0.0057514908,0.0059034858,0.0056785332,0.0058487676,XEM
2016-09-13,0.0058548281999999995,0.0059217753,0.0055870398000000005,0.0056783313000000005,XEM
2016-09-14,0.0056870081999999995,0.0057845346,0.0055833864,0.0057845346,XEM
2016-09-15,0.0057709639,0.0057709639,0.0051446106,0.005533801,XEM
2016-09-16,0.005530797999999999,0.0055490314,0.005208674599999999,0.005305919399999999,XEM
2016-09-17,0.0052998084,0.005342304000000001,0.0049537728,0.0051541092000000005,XEM
2016-09-18,0.005184843000000001,0.005343625,0.005123773,0.005178736000000001,XEM
2016-09-19,0.005171528,0.0053239904999999995,0.0051044445,0.005122740000000001,XEM
2016-09-20,0.005117616000000001,0.005605008,0.0051054312,0.0053674044,XEM
2016-09-21,0.0052609796,0.0055356732,0.0051594624,0.0053206956,XEM
2016-09-22,0.0053070632999999996,0.0053487574,0.0050747676,0.0051521995,XEM
2016-09-23,0.0052152579999999995,0.0052936376,0.0051248199999999995,0.005167024399999999,XEM
2016-09-24,0.0051641963,0.0051882999,0.0049532898,0.005085859600000001,XEM
2016-09-25,0.0050765756,0.0051908587,0.004841994499999999,0.0049382329,XEM
2016-09-26,0.0049796934,0.005082805199999999,0.004488396,0.0046885542,XEM
2016-09-27,0.004680283100000001,0.0048134865,0.0044865327,0.004674228400000001,XEM
2016-09-28,0.0046680524,0.004716425999999999,0.0028238089,0.0040271021999999995,XEM
2016-09-29,0.004027302,0.004632002,0.0039910200000000005,0.004244994,XEM
2016-09-30,0.0042691427999999995,0.0047313292,0.0042630613999999995,0.0043421196,XEM
2016-10-01,0.0043797474,0.0045330999,0.00429387,0.0043306746,XEM
2016-10-02,0.004311471400000001,0.0043603266000000005,0.004036660900000001,0.004274830000000001,XEM
2016-10-03,0.004281200000000001,0.004470796,0.004238388,0.004287316,XEM
2016-10-04,0.0042688096,0.0043479744,0.0041774656,0.0042748992000000005,XEM
2016-10-05,0.0042949764,0.004435695000000001,0.0042949764,0.0043806312,XEM
2016-10-06,0.004374545200000001,0.0043928743,0.0037819043,0.0038796595000000003,XEM
2016-10-07,0.0039117905,0.0040473170999999995,0.0038686683999999997,0.003942592,XEM
2016-10-08,0.003952959999999999,0.004014725,0.003817077,0.0038973714999999995,XEM
2016-10-09,0.0038855086999999996,0.0038978241000000003,0.0033867349999999997,0.0034852582,XEM
2016-10-10,0.0034938613999999997,0.0050370864,0.003395095,0.0044012777,XEM
2016-10-11,0.004566408500000001,0.004611240000000001,0.0038875315000000007,0.0040348350000000005,XEM
2016-10-12,0.004006737,0.004324732,0.0038922588,0.0041148553,XEM
2016-10-13,0.004112332,0.004595388000000001,0.004080552,0.004245808,XEM
2016-10-14,0.0042613056,0.0042868224,0.0039423456,0.0039487248,XEM
2016-10-15,0.0039432157,0.0040196593,0.0039368454,0.0039432157,XEM
2016-10-16,0.0039623428,0.0040199536,0.0035782708,0.0037190972000000003,XEM
2016-10-17,0.0037031197,0.0042321368,0.0036839985999999997,0.0039453203,XEM
2016-10-18,0.0039327546,0.004142416800000001,0.0037802730000000002,0.0038501603999999997,XEM
2016-10-19,0.0038121035999999996,0.0038813002,0.0035478984,0.0037491975999999995,XEM
2016-10-20,0.0037449064,0.0037637566000000003,0.0035941048000000006,0.003675789,XEM
2016-10-21,0.0036881325000000004,0.0037827000000000004,0.0035116065,0.0035431290000000003,XEM
2016-10-22,0.0036837976000000006,0.0037493456000000005,0.0035527016,0.003670688,XEM
2016-10-23,0.0036569679999999996,0.0040553162999999995,0.0036569679999999996,0.0038789982,XEM
2016-10-24,0.0038639106,0.0042607095,0.0038118714,0.0038313861000000005,XEM
2016-10-25,0.00383439,0.0039711,0.00361305,0.0036455999999999997,XEM
2016-10-26,0.0037781519999999995,0.0039063393,0.0037511652,0.003845619,XEM
2016-10-27,0.00388911,0.003902756,0.0036230129999999996,0.0036980659999999994,XEM
2016-10-28,0.0037194208,0.0037194208,0.00308808,0.0033351264,XEM
2016-10-29,0.0034746570000000004,0.003917926,0.0034031620000000004,0.0038392815000000005,XEM
2016-10-30,0.0037443399,0.0039186574,0.0034933227000000003,0.0035700224,XEM
2016-10-31,0.0035771903999999998,0.003982419,0.0034863632999999994,0.0036819909,XEM
2016-11-01,0.0038300252000000004,0.0039027012000000002,0.0037064759999999993,0.0038082223999999997,XEM
2016-11-02,0.0038435924,0.0039829593,0.0035868639,0.0039022732,XEM
2016-11-03,0.0036435084,0.0036846006000000003,0.0036092649000000004,0.003629811,XEM
2016-11-04,0.0037210240000000003,0.00403696,0.0036227328,0.0038122944,XEM
2016-11-05,0.0038124572999999997,0.0039107527,0.0035737399000000006,0.0036369298000000004,XEM
2016-11-06,0.0036773338,0.003975495999999999,0.0036063427999999996,0.0038903068,XEM
2016-11-07,0.0038655919999999997,0.00451456,0.003802106,0.004105428,XEM
2016-11-08,0.004137438,0.004165874,0.0035616090000000003,0.003924168,XEM
2016-11-09,0.003982238399999999,0.004364590999999999,0.0039028821999999995,0.004162593399999999,XEM
2016-11-10,0.0041230689000000004,0.005573646000000001,0.0040730490000000005,0.005037718500000001,XEM
2016-11-11,0.0050405385,0.0052764786,0.0046544547,0.0048689457,XEM
2016-11-12,0.0047960787,0.005141171,0.0045988831,0.0045988831,XEM
2016-11-13,0.0045838641000000005,0.0046400217,0.0041135442,0.004282017,XEM
2016-11-14,0.0042978159999999994,0.004452819199999999,0.0040864479999999995,0.0041146303999999995,XEM
2016-11-15,0.004152824,0.004280822,0.003583944,0.003733275,XEM
2016-11-16,0.0038864699999999995,0.0040641372,0.0037754279999999995,0.0039382895999999995,XEM
2016-11-17,0.0039236596,0.004012163199999999,0.0038056547999999997,0.0039162843,XEM
2016-11-18,0.0039663576,0.0040485232,0.0038767224000000006,0.0039887664,XEM
2016-11-19,0.0039937326,0.0040760005,0.0038591123999999997,0.0039039858,XEM
2016-11-20,0.0038028222,0.003933954000000001,0.003788252,0.0038392477000000003,XEM
2016-11-21,0.0038797213000000006,0.0038944451000000003,0.0035999691,0.0036588643,XEM
2016-11-22,0.0037242198000000002,0.0038141406000000004,0.0036792594,0.0037167264,XEM
2016-11-23,0.0036757072000000003,0.0037127607000000005,0.0034830290000000003,0.0035793681000000003,XEM
2016-11-24,0.0035515473,0.0036177252,0.0034927225,0.0035221348999999996,XEM
2016-11-25,0.0035464680999999997,0.0040425294,0.0035242564,0.0037019500000000003,XEM
2016-11-26,0.0036707000000000003,0.0039570146,0.003523872,0.0036560171999999998,XEM
2016-11-27,0.0036325115999999995,0.0038075723999999997,0.0035960405999999998,0.0037273362,XEM
2016-11-28,0.003747163,0.003827826,0.003673833,0.0037251639999999996,XEM
2016-11-29,0.0037214047999999996,0.0037507072,0.0036115208,0.0036188464,XEM
2016-11-30,0.0036679006,0.0037421496,0.0034971279,0.0035565271,XEM
2016-12-01,0.0036050977,0.0036502555,0.0032513616,0.0033943613,XEM
2016-12-02,0.0034769394,0.0038161530000000005,0.0033844266000000005,0.0034152642000000004,XEM
2016-12-03,0.0033855832,0.003553716,0.0033626560000000003,0.0035078616,XEM
2016-12-04,0.0035177301,0.0036020329999999997,0.0032801491999999996,0.0033261326,XEM
2016-12-05,0.0032738356000000003,0.0033341828,0.0029042090000000005,0.0032210318,XEM
2016-12-06,0.0032375567,0.0034119450000000004,0.0031465715,0.0033664524,XEM
2016-12-07,0.0033990863999999997,0.00344502,0.0031923851999999995,0.003291907999999999,XEM
2016-12-08,0.0033045069999999995,0.0033506164,0.0031508089999999996,0.0032122882,XEM
2016-12-09,0.0032206064,0.0034440456000000004,0.0031512632,0.003351588,XEM
2016-12-10,0.0033669,0.0034520399999999995,0.0032508000000000003,0.0034443,XEM
2016-12-11,0.0034171995,0.0034325577000000004,0.0032559384,0.0033250503,XEM
2016-12-12,0.0033707751000000004,0.0034252680000000004,0.0032462199,0.0033240669,XEM
2016-12-13,0.0033252197999999998,0.0035354796,0.0033018576000000003,0.0034108812000000002,XEM
2016-12-14,0.0034010700000000004,0.0035719,0.0033622450000000003,0.0034010700000000004,XEM
2016-12-15,0.0033954198000000005,0.0036357349,0.0033566593000000002,0.0034729408000000006,XEM
2016-12-16,0.003503584,0.0036756349999999996,0.00344102,0.0035739685,XEM
2016-12-17,0.0035973669,0.0041011557,0.0035580084,0.0037784159999999997,XEM
2016-12-18,0.0037872479999999996,0.004023951,0.0036136658,0.003629446,XEM
2016-12-19,0.003633034,0.0038146857,0.0036172382,0.0037041150999999996,XEM
2016-12-20,0.003747779,0.0037717519999999997,0.0032363550000000002,0.0033242560000000003,XEM
2016-12-21,0.0034495136,0.0035490188,0.0031592901,0.0034163452000000004,XEM
2016-12-22,0.0035438180000000002,0.0035438180000000002,0.0029331114999999997,0.003130946,XEM
2016-12-23,0.0033384988,0.0037420535999999997,0.0030725195,0.0036044780999999995,XEM
2016-12-24,0.0035019051,0.0038405117000000003,0.0034395302000000006,0.00356428,XEM
2016-12-25,0.00356428,0.0036088335000000003,0.0034306195000000004,0.0035553693,XEM
2016-12-26,0.0035845361999999998,0.003997791,0.0028388807999999996,0.0032521356,XEM
2016-12-27,0.0033513236,0.0035364795999999997,0.0031291364,0.0033513236,XEM
2016-12-28,0.0035192554,0.0038206280999999996,0.0033928733,0.003694246,XEM
2016-12-29,0.003690104,0.0040008496,0.0035929960000000006,0.0038260552000000006,XEM
2016-12-30,0.0037786176000000004,0.0038169792,0.0036251711999999996,0.0036731231999999996,XEM
2016-12-31,0.0036897453999999996,0.0037282806000000003,0.0030924498,0.0032562244,XEM
2017-01-01,0.0033645872,0.0034840400000000007,0.0031256816,0.0032650432,XEM
2017-01-02,0.0033359239999999997,0.0035596750000000004,0.0032545599999999997,0.0034884815,XEM
2017-01-03,0.003544219,0.0035855509999999998,0.003048235,0.003244562,XEM
2017-01-04,0.0035651874,0.0043145580000000005,0.0032359185,0.0040307055000000005,XEM
2017-01-05,0.0035121925,0.0037100625000000003,0.00336379,0.0036507015,XEM
2017-01-06,0.0032699303999999996,0.0037573184,0.003057252,0.0034117160000000004,XEM
2017-01-07,0.0034221495000000004,0.0034932591,0.0032354868,0.0033421512,XEM
2017-01-08,0.0033872336,0.0037205518,0.0033421906000000003,0.0035944314,XEM
2017-01-09,0.0035901222,0.0036711024,0.0033831728,0.0035631288,XEM
2017-01-10,0.0035813052000000004,0.0039340095,0.0034637370999999998,0.0038797472999999995,XEM
2017-01-11,0.0033694946999999996,0.0037622096999999997,0.0033066603,0.0034401834,XEM
2017-01-12,0.0035482818,0.003888528,0.0035077763000000003,0.0035320796,XEM
2017-01-13,0.0035962588,0.0038189629,0.0035715139000000004,0.0037612248000000004,XEM
2017-01-14,0.0037375128000000004,0.003852261,0.0035571942,0.0037457091000000003,XEM
2017-01-15,0.0037527469000000003,0.0039005575,0.003613148,0.0036459948,XEM
2017-01-16,0.0036733896,0.0037064832000000005,0.0032431727999999997,0.0032928132,XEM
2017-01-17,0.0035806467999999997,0.0037245924000000002,0.0033647284,0.003643623,XEM
2017-01-18,0.0035317215,0.0035840432999999995,0.0033834764,0.0035317215,XEM
2017-01-19,0.0036256005000000003,0.0037509299,0.00358084,0.0036256005000000003,XEM
2017-01-20,0.0036162855,0.0036520018999999996,0.0035269945,0.0035716399999999996,XEM
2017-01-21,0.00367936,0.003817336,0.003587376,0.0037345504000000002,XEM
2017-01-22,0.0037304904,0.0037580556,0.0036018528,0.0036661716,XEM
2017-01-23,0.0036766254,0.0041189262,0.0036766254,0.0039069904,XEM
2017-01-24,0.0037895,0.0050854375,0.0037895,0.0046564375,XEM
2017-01-25,0.0046598761,0.0052412425999999995,0.0042126711,0.0052144103,XEM
2017-01-26,0.0053377148,0.0060976296,0.0049348683999999995,0.004980646399999999,XEM
2017-01-27,0.004993974399999999,0.0051592162,0.004681850999999999,0.004773652,XEM
2017-01-28,0.004776252,0.005694762,0.0046844009999999995,0.005097730500000001,XEM
2017-01-29,0.0050757525,0.0052769535,0.004938570000000001,0.005212935,XEM
2017-01-30,0.005248161,0.005340233999999999,0.0047970033,0.0049259055,XEM
2017-01-31,0.0051653715,0.0054743283,0.0050977872,0.0053488146000000006,XEM
2017-02-01,0.0054426622,0.0063366735,0.0053738920999999995,0.0061500118,XEM
2017-02-02,0.0062848522000000006,0.007128187,0.006124217,0.0068169563,XEM
2017-02-03,0.0068784058,0.0072836138,0.006736583,0.0069695776000000004,XEM
2017-02-04,0.007099128,0.007140401999999999,0.0060569594999999995,0.006407788499999999,XEM
2017-02-05,0.0063100431,0.0063405264,0.0056089272,0.0059035991,XEM
2017-02-06,0.005953332700000001,0.0069984961,0.005871359100000001,0.0065271479,XEM
2017-02-07,0.0066856972,0.006979574,0.006412811599999999,0.00655975,XEM
2017-02-08,0.0065968125,0.0069240144,0.0063329400000000004,0.0065968125,XEM
2017-02-09,0.006118500000000001,0.0063534504,0.005961866400000001,0.0062751336,XEM
2017-02-10,0.006394680099999999,0.0068635568,0.0062550147,0.006783748,XEM
2017-02-11,0.0068565760000000005,0.0071489888000000005,0.0068464928,0.006947324800000001,XEM
2017-02-12,0.0068660228,0.006975640000000001,0.006567066799999999,0.0066168927999999995,XEM
2017-02-13,0.0066091904,0.0068281696000000005,0.0064598864,0.006768448,XEM
2017-02-14,0.006856712,0.0071188804,0.006655044000000001,0.007058380000000001,XEM
2017-02-15,0.007057330000000001,0.007148067100000001,0.0068657739,0.006936347200000001,XEM
2017-02-16,0.007099678400000001,0.0071512749,0.0068313766,0.0070377626000000006,XEM
2017-02-17,0.007156976200000001,0.007156976200000001,0.006464365600000001,0.0068001768,XEM
2017-02-18,0.0068187744,0.0068713884,0.006271588799999999,0.0063242027999999995,XEM
2017-02-19,0.006303828900000001,0.006649962600000001,0.006209428800000001,0.006303828900000001,XEM
2017-02-20,0.006476135599999999,0.0065084624,0.0058295996,0.0060774384,XEM
2017-02-21,0.0063113292,0.0065127546,0.0062889486,0.0064008516,XEM
2017-02-22,0.006409031200000001,0.0078880384,0.006330599,0.006599509400000001,XEM
2017-02-23,0.006902549900000001,0.0069494263,0.006340033100000001,0.0065392578,XEM
2017-02-24,0.0065648142,0.006705993,0.006235397,0.0064824599,XEM
2017-02-25,0.0063312655,0.0065151135,0.006250832,0.0063312655,XEM
2017-02-26,0.006455405799999999,0.006560847999999999,0.0063148162,0.006338247799999999,XEM
2017-02-27,0.0064315703,0.00713298,0.0063364638999999995,0.00713298,XEM
2017-02-28,0.0071356200000000005,0.0083129973,0.006873980599999999,0.0076470061,XEM
2017-03-01,0.007861703800000001,0.0086319796,0.007641625000000001,0.008497487000000001,XEM
2017-03-02,0.0087255165,0.01004376,0.0083237661,0.0087506259,XEM
2017-03-03,0.008944601,0.010125237,0.008854770000000001,0.009945575,XEM
2017-03-04,0.00979848,0.0115432416,0.009545616,0.0109869408,XEM
2017-03-05,0.0110469018,0.0125342292,0.010182472199999999,0.010919779800000001,XEM
2017-03-06,0.0109695159,0.0117612621,0.0108290448,0.0114675498,XEM
2017-03-07,0.0110695562,0.0110695562,0.0095286937,0.0098122124,XEM
2017-03-08,0.0091298812,0.0091986994,0.0080976082,0.0085449265,XEM
2017-03-09,0.0088754085,0.009780819299999998,0.0082916568,0.009566379899999998,XEM
2017-03-10,0.0089324917,0.009577677900000001,0.0087211376,0.009232837,XEM
2017-03-11,0.009787526000000001,0.010164876400000002,0.0093040458,0.009504513200000002,XEM
2017-03-12,0.0098743866,0.0114915318,0.0096906201,0.0109647345,XEM
2017-03-13,0.0110818005,0.011775186900000002,0.0109208358,0.0115770765,XEM
2017-03-14,0.011623359000000002,0.011809830000000002,0.010815318,0.0110763774,XEM
2017-03-15,0.0111680613,0.012308682599999999,0.0104912091,0.0117697077,XEM
2017-03-16,0.011013343200000001,0.012784392000000002,0.010567648800000001,0.012432528000000002,XEM
2017-03-17,0.011360126,0.013503546,0.011038613,0.012967691,XEM
2017-03-18,0.011753698,0.015930632,0.010976594000000001,0.0145707,XEM
2017-03-19,0.015339,0.017179680000000003,0.01268024,0.013805099999999999,XEM
2017-03-20,0.014141385,0.016236405,0.012884373000000001,0.014769891,XEM
2017-03-21,0.015810189,0.018501285,0.015810189,0.017379995,XEM
2017-03-22,0.01619316,0.016819992000000002,0.014730552000000001,0.014939496000000003,XEM
2017-03-23,0.014800929000000003,0.015835959,0.013765899,0.015318444000000002,XEM
2017-03-24,0.013907560000000003,0.014189470000000001,0.01146434,0.012310070000000001,XEM
2017-03-25,0.01265853,0.013914719999999998,0.012561899999999999,0.01343157,XEM
2017-03-26,0.013475216000000002,0.013669104000000001,0.012214944,0.012214944,XEM
2017-03-27,0.013168764000000001,0.014109390000000001,0.012228138000000001,0.013586820000000001,XEM
2017-03-28,0.01357746,0.015144089999999997,0.013473018000000002,0.014935206000000005,XEM
2017-03-29,0.014899170000000005,0.015211740000000001,0.013753080000000003,0.014274029999999998,XEM
2017-03-30,0.014219366999999998,0.015049694999999998,0.013907994000000002,0.014426949000000001,XEM
2017-03-31,0.014999628999999999,0.019316068999999995,0.014891718000000002,0.017373671,XEM
2017-04-01,0.017486532,0.018246816,0.015857351999999998,0.016074576,XEM
2017-04-02,0.016241520000000002,0.02183826,0.016131780000000002,0.01942398,XEM
2017-04-03,0.020311812,0.020311812,0.017557668,0.018590472,XEM
2017-04-04,0.018496674,0.018610851,0.016669842,0.017697435,XEM
2017-04-05,0.017512985,0.017964933,0.015366231999999999,0.015818179999999998,XEM
2017-04-06,0.0166418,0.01806824,0.01652293,0.016998410000000005,XEM
2017-04-07,0.017024007000000004,0.019285938000000002,0.016904958,0.018690692999999998,XEM
2017-04-08,0.018538245999999998,0.02125404,0.01830209,0.019837104,XEM
2017-04-09,0.020232912000000002,0.022400724,0.01987161,0.021075949999999996,XEM
2017-04-10,0.021117425,0.021358767,0.019548702,0.019790044,XEM
2017-04-11,0.020020135999999997,0.021118802,0.019898062,0.021118802,XEM
2017-04-12,0.020976769,0.022431805,0.02061301,0.02182554,XEM
2017-04-13,0.021171600000000002,0.02223018,0.020936360000000005,0.02199494,XEM
2017-04-14,0.022016070999999998,0.026136726,0.021309673000000005,0.024723929999999998,XEM
2017-04-15,0.02471679,0.024834489,0.022951304999999998,0.024010596000000002,XEM
2017-04-16,0.02400672,0.0258896,0.02365368,0.02577192,XEM
2017-04-17,0.026148819,0.028059235,0.025432412999999997,0.027939834,XEM
2017-04-18,0.028222505999999998,0.04209254099999999,0.028101896999999997,0.032202602999999996,XEM
2017-04-19,0.03244584,0.03439016000000001,0.02624832000000001,0.02819264,XEM
2017-04-20,0.028723688,0.033552239,0.026990362,0.033057002999999995,XEM
2017-04-21,0.033365388,0.034615028,0.031241000000000005,0.032240712000000005,XEM
2017-04-22,0.032014962,0.032883585,0.029781360000000003,0.032014962,XEM
2017-04-23,0.032227812,0.035225748,0.031228500000000003,0.034226436,XEM
2017-04-24,0.034200131999999994,0.038568762,0.033576042,0.03682131,XEM
2017-04-25,0.037297145,0.049940245000000015,0.036412127999999995,0.049181658999999996,XEM
2017-04-26,0.050049907,0.057641024,0.04207280100000001,0.04580402800000001,XEM
2017-04-27,0.04745159600000001,0.05065058000000001,0.04132021,0.04958425200000001,XEM
2017-04-28,0.049461864,0.05145629399999999,0.04720151,0.048265206,XEM
2017-04-29,0.048506964,0.052248548,0.04810608,0.051179524000000004,XEM
2017-04-30,0.05177815300000001,0.05678022,0.045018603000000004,0.05029105200000001,XEM
2017-05-01,0.052668132,0.054083941999999996,0.044314853,0.050685998,XEM
2017-05-02,0.05176429400000001,0.054222374999999996,0.051185922,0.051185922,XEM
2017-05-03,0.05258847,0.06239309999999999,0.05258847,0.061650325,XEM
2017-05-04,0.06294554,0.077809788,0.062338836,0.071136044,XEM
2017-05-05,0.070714413,0.07433306099999999,0.06634187999999999,0.069809751,XEM
2017-05-06,0.071546927,0.104152546,0.06953805,0.096889683,XEM
2017-05-07,0.09746401500000001,0.1461183,0.09482145,0.1150293,XEM
2017-05-08,0.12317078,0.133656941,0.08971493300000001,0.109355679,XEM
2017-05-09,0.11152574999999999,0.11780650000000001,0.09692725000000002,0.10711225,XEM
2017-05-10,0.110570761,0.11512676699999999,0.09918074600000001,0.106014755,XEM
2017-05-11,0.110067045,0.14172269099999998,0.108793542,0.138629898,XEM
2017-05-12,0.128502918,0.13153842000000002,0.11787866100000001,0.12057688500000001,XEM
2017-05-13,0.12610741,0.129282142,0.11764145800000002,0.124520044,XEM
2017-05-14,0.12514203,0.13010517000000002,0.11840634,0.12071065499999997,XEM
2017-05-15,0.11637745199999998,0.12047886,0.10099717200000001,0.10133895600000001,XEM
2017-05-16,0.10254986199999999,0.118632724,0.095632502,0.114482308,XEM
2017-05-17,0.11924606000000001,0.20696936999999999,0.11870567,0.20678923999999999,XEM
2017-05-18,0.215937652,0.262774303,0.18264412900000002,0.205216009,XEM
2017-05-19,0.2140542,0.2499588,0.1962,0.2136618,XEM
2017-05-20,0.22217560200000003,0.25502250000000004,0.214626936,0.24257740200000003,XEM
2017-05-21,0.243054191,0.285573343,0.20482783799999998,0.247960247,XEM
2017-05-22,0.25769093299999996,0.26725077799999997,0.22603722399999998,0.24685644199999998,XEM
2017-05-23,0.264073796,0.267709924,0.19203300999999998,0.24271154399999997,XEM
2017-05-24,0.261155904,0.262623072,0.184863168,0.21934161600000002,XEM
2017-05-25,0.206934312,0.224005816,0.183172624,0.19193907200000002,XEM
2017-05-26,0.18699933699999996,0.21371352799999999,0.129305664,0.21371352799999999,XEM
2017-05-27,0.195596579,0.22166243999999996,0.16645207299999998,0.193749392,XEM
2017-05-28,0.20664348800000001,0.208613606,0.19372826999999998,0.198763016,XEM
2017-05-29,0.206861468,0.224859327,0.190230535,0.190230535,XEM
2017-05-30,0.183077925,0.198864285,0.17233442999999998,0.18965557500000002,XEM
2017-05-31,0.19923891000000002,0.2301036660000001,0.19923891000000002,0.21858696600000002,XEM
2017-06-01,0.22896048500000002,0.23064934000000004,0.217862295,0.21906862,XEM
2017-06-02,0.22632808,0.23530144,0.19890947999999997,0.21012618,XEM
2017-06-03,0.214579749,0.22297966799999996,0.21305249099999998,0.215852464,XEM
2017-06-04,0.214040288,0.23852367000000002,0.21202104,0.22035043799999998,XEM
2017-06-05,0.236143008,0.23695449599999996,0.20719993599999997,0.219913248,XEM
2017-06-06,0.23337164999999999,0.23566804999999996,0.21815800000000002,0.22332490000000002,XEM
2017-06-07,0.20939947800000003,0.21451334700000002,0.20455476000000003,0.20805372300000005,XEM
2017-06-08,0.21634569400000003,0.224182278,0.212147524,0.21410667000000003,XEM
2017-06-09,0.215074395,0.21676125299999996,0.18780352399999997,0.18808466699999998,XEM
2017-06-10,0.194026725,0.228829725,0.1902564,0.20910802499999998,XEM
2017-06-11,0.21438574499999996,0.24322820999999997,0.21349370999999998,0.222711405,XEM
2017-06-12,0.19899207300000002,0.20510264400000003,0.19155311699999997,0.202445874,XEM
2017-06-13,0.20672983799999997,0.22843375800000001,0.20645853899999997,0.218124396,XEM
2017-06-14,0.198368508,0.200589051,0.180357437,0.19466760300000002,XEM
2017-06-15,0.19271009400000003,0.195885292,0.182451762,0.186115452,XEM
2017-06-16,0.191153796,0.20470012799999998,0.18638749400000001,0.19190637,XEM
2017-06-17,0.20311515,0.21028391999999999,0.19992903,0.20470820999999997,XEM
2017-06-18,0.19580007599999996,0.20214897599999998,0.190974912,0.19453029599999996,XEM
2017-06-19,0.200448412,0.219027834,0.18971945,0.202541868,XEM
2017-06-20,0.213189012,0.215392516,0.19611185600000003,0.201345178,XEM
2017-06-21,0.195734022,0.197340594,0.18663011399999999,0.19118206800000004,XEM
2017-06-22,0.19441077600000006,0.196861332,0.19032651600000003,0.196589048,XEM
2017-06-23,0.19568871399999999,0.20029634300000002,0.18647345599999998,0.190810048,XEM
2017-06-24,0.18233952000000003,0.18441156000000003,0.16654021500000002,0.17741842500000005,XEM
2017-06-25,0.17410097000000002,0.177150914,0.151988876,0.164951138,XEM
2017-06-26,0.15874864500000002,0.16730982000000003,0.14725221000000002,0.15361194,XEM
