DateTime,Open,High,Low,Close,Volume,VolumeBTC,Symbol
2014-09-03,480.04,498.47,476.26,490.99,8807.05,4345165.83,BTC
2014-09-04,490.99,495.02,483.07,483.65,6038.09,3013185.15,BTC
2014-09-05,483.65,491.38,480.79,484.47,3791.0,1883095.02,BTC
2014-09-06,484.47,490.72,478.49,485.75,3562.92,1755360.28,BTC
2014-09-07,485.75,487.02,469.5,475.69,8140.06,3948928.43,BTC
2014-09-08,475.69,478.6,467.52,474.9,7289.11,3529051.35,BTC
2014-09-09,474.9,491.04,471.57,479.7,8292.88,4058785.18,BTC
2014-09-10,479.7,488.92,474.57,478.49,6289.68,3086920.26,BTC
2014-09-11,478.49,479.71,471.14,477.73,5145.48,2514548.2,BTC
2014-09-12,477.73,480.64,474.64,478.17,5274.65,2569793.0,BTC
2014-09-13,478.17,480.33,471.96,477.74,4205.73,2031789.95,BTC
2014-09-14,477.74,479.28,473.7,477.71,5629.86,2753462.23,BTC
2014-09-15,477.71,478.81,463.95,466.75,6522.37,3139554.53,BTC
2014-09-16,466.75,469.39,458.27,461.09,7504.98,3522262.8,BTC
2014-09-17,461.09,462.26,408.77,424.26,8924.54,3946908.07,BTC
2014-09-18,424.26,429.17,386.1,397.67,14968.82,6062707.6,BTC
2014-09-19,397.67,427.69,387.5,411.53,14289.35,5919676.64,BTC
2014-09-20,411.53,415.07,394.52,401.62,10421.33,4229727.1,BTC
2014-09-21,401.62,410.75,398.6,404.09,13514.58,5531782.04,BTC
2014-09-22,404.09,445.51,394.75,436.86,17940.15,7490861.6,BTC
2014-09-23,436.86,439.19,422.1,423.77,21365.64,9217984.23,BTC
2014-09-24,423.77,427.55,409.56,412.29,14627.1,6143388.92,BTC
2014-09-25,412.29,416.42,399.7,404.46,12115.07,4966479.77,BTC
2014-09-26,404.46,407.07,394.69,399.02,9735.27,3950428.02,BTC
2014-09-27,399.02,402.27,374.12,379.08,13937.15,5453338.71,BTC
2014-09-28,379.08,389.26,372.63,376.77,20684.56,7924759.6,BTC
2014-09-29,376.77,395.18,374.73,388.17,16921.07,6520432.39,BTC
2014-09-30,388.17,395.13,381.11,382.84,17730.98,6892843.77,BTC
2014-10-01,382.84,385.59,371.2,375.14,14300.82,5471103.72,BTC
2014-10-02,375.14,378.22,362.81,363.45,16807.97,6278574.04,BTC
2014-10-03,363.45,369.88,327.1,335.32,23035.97,8050734.62,BTC
2014-10-04,335.32,344.25,294.92,322.86,29851.16,9512572.11,BTC
2014-10-05,322.86,347.94,303.05,331.55,41171.56,13642089.7,BTC
2014-10-06,331.55,345.51,321.74,331.65,30173.83,10076018.49,BTC
2014-10-07,331.65,351.64,325.43,350.87,21769.57,7413499.73,BTC
2014-10-08,350.87,384.61,347.57,360.91,35591.34,13020038.29,BTC
2014-10-09,360.91,378.13,353.32,361.71,28410.42,10394856.2,BTC
2014-10-10,361.71,370.15,350.49,361.22,13926.45,5049013.74,BTC
2014-10-11,361.22,374.57,352.25,373.17,11227.53,4077867.05,BTC
2014-10-12,373.17,391.22,366.04,387.32,23576.02,8935310.47,BTC
2014-10-13,387.32,407.74,385.72,397.1,28866.7,11549913.84,BTC
2014-10-14,397.1,397.87,388.23,393.17,22484.5,8867207.18,BTC
2014-10-15,393.17,398.84,371.56,379.77,20785.9,7999668.99,BTC
2014-10-16,379.77,384.76,372.42,380.48,16567.87,6324477.58,BTC
2014-10-17,380.48,395.71,373.58,390.88,9445.79,3657801.17,BTC
2014-10-18,390.88,394.49,383.92,387.28,5325.52,2088508.52,BTC
2014-10-19,387.28,387.77,378.42,380.39,10555.47,4075710.38,BTC
2014-10-20,380.39,388.24,377.42,382.35,9662.14,3745779.18,BTC
2014-10-21,382.35,383.69,376.97,378.93,10531.04,4064736.42,BTC
2014-10-22,378.93,381.08,353.48,355.78,19121.88,6999640.64,BTC
2014-10-23,355.78,360.87,351.41,355.1,20034.01,7185001.61,BTC
2014-10-24,355.1,356.57,341.53,346.72,14042.93,4929757.95,BTC
2014-10-25,346.72,356.8,344.19,348.67,11577.83,4076756.1,BTC
2014-10-26,348.67,356.35,344.93,350.09,10603.46,3777108.32,BTC
2014-10-27,350.09,355.72,348.27,351.06,9430.8,3372185.13,BTC
2014-10-28,351.06,352.83,334.72,335.12,12263.9,4259966.32,BTC
2014-10-29,335.12,350.38,333.44,344.86,16120.98,5522262.77,BTC
2014-10-30,344.86,347.97,336.08,337.87,14003.95,4814121.89,BTC
2014-10-31,337.87,339.0,320.74,325.43,13774.48,4540440.63,BTC
2014-11-01,325.43,329.76,319.81,322.55,11896.65,3878749.8,BTC
2014-11-02,322.55,332.85,321.67,324.24,13433.34,4435458.55,BTC
2014-11-03,324.24,328.75,320.11,327.96,15115.03,4955240.5,BTC
2014-11-04,327.96,341.98,326.52,338.01,15838.15,5342189.88,BTC
2014-11-05,338.01,351.14,335.74,347.67,15649.72,5388972.33,BTC
2014-11-06,347.67,351.61,340.18,341.87,15017.27,5215262.11,BTC
2014-11-07,341.87,346.29,339.8,343.54,8188.25,2834855.25,BTC
2014-11-08,343.54,362.21,341.78,362.04,12627.93,4466556.5,BTC
2014-11-09,362.04,374.67,356.6,367.15,22804.61,8387025.99,BTC
2014-11-10,367.15,370.99,361.87,365.42,15790.68,5817809.67,BTC
2014-11-11,365.42,442.73,365.81,432.03,38528.79,15737081.16,BTC
2014-11-12,432.03,480.45,390.88,428.72,58200.73,25304725.28,BTC
2014-11-13,428.72,430.18,381.99,396.53,35731.03,14250930.93,BTC
2014-11-14,396.53,407.32,367.97,374.86,13328.33,5185270.16,BTC
2014-11-15,374.86,390.36,370.54,385.61,14350.82,5497204.23,BTC
2014-11-16,385.61,412.33,378.32,384.69,27600.89,10942934.49,BTC
2014-11-17,384.69,394.94,371.95,379.16,27093.72,10404772.69,BTC
2014-11-18,379.16,389.29,374.26,381.43,19867.47,7592152.68,BTC
2014-11-19,381.43,383.03,355.11,357.3,21984.22,8084810.79,BTC
2014-11-20,357.3,358.73,343.8,351.77,23467.39,8291129.59,BTC
2014-11-21,351.77,364.21,350.51,352.01,12943.87,4632290.66,BTC
2014-11-22,352.01,370.59,352.64,365.85,12413.55,4504560.45,BTC
2014-11-23,365.85,388.72,361.92,378.85,24564.84,9244691.04,BTC
2014-11-24,378.85,395.73,370.64,376.43,45317.22,17405251.28,BTC
2014-11-25,376.43,378.27,363.99,365.35,23979.74,8916241.87,BTC
2014-11-26,365.35,374.43,364.81,368.83,13849.29,5144146.32,BTC
2014-11-27,368.83,383.25,358.37,377.59,43015.35,16118258.33,BTC
2014-11-28,377.59,389.3,372.21,376.28,83451.95,31983637.28,BTC
2014-11-29,376.28,381.06,372.57,374.93,11289.41,4269105.57,BTC
2014-11-30,374.93,383.58,373.02,378.61,19673.15,7481865.14,BTC
2014-12-01,378.61,384.87,375.37,380.64,25285.47,9664274.24,BTC
2014-12-02,380.64,384.67,373.64,376.96,23504.51,8950322.28,BTC
2014-12-03,376.96,380.43,366.24,369.84,25331.17,9521316.14,BTC
2014-12-04,369.84,379.7,366.39,377.63,29989.83,11251853.9,BTC
2014-12-05,377.63,380.33,372.04,376.26,11072.87,4181319.51,BTC
2014-12-06,376.26,377.88,372.46,376.47,8811.71,3334332.18,BTC
2014-12-07,376.47,377.36,364.6,364.95,22917.66,8506201.99,BTC
2014-12-08,364.95,365.35,343.82,352.19,43827.16,15529628.16,BTC
2014-12-09,352.19,354.07,345.09,347.94,27133.46,9535221.36,BTC
2014-12-10,347.94,367.13,337.8,347.68,51080.97,18063629.15,BTC
2014-12-11,347.68,356.43,346.0,353.4,26850.92,9490205.28,BTC
2014-12-12,353.4,353.1,343.81,348.24,19542.41,6837218.94,BTC
2014-12-13,348.24,351.59,344.61,349.35,12342.41,4328238.86,BTC
2014-12-14,349.35,351.22,343.56,345.37,22160.68,7746836.16,BTC
2014-12-15,345.37,346.45,328.88,330.22,38589.75,13001054.77,BTC
2014-12-16,330.22,335.67,314.31,320.02,61338.52,19834674.23,BTC
2014-12-17,320.02,325.62,303.4,310.34,60516.23,18932813.68,BTC
2014-12-18,310.34,320.24,306.36,317.78,41711.62,13119110.69,BTC
2014-12-19,317.78,332.62,316.05,330.35,29920.43,9768954.91,BTC
2014-12-20,330.35,332.03,320.13,322.63,20668.93,6746131.4,BTC
2014-12-21,322.63,335.26,319.89,330.84,35363.79,11694687.77,BTC
2014-12-22,330.84,339.32,328.0,335.25,24066.78,8057502.86,BTC
2014-12-23,335.25,336.28,320.65,322.4,21524.09,7112691.11,BTC
2014-12-24,322.4,323.38,316.3,318.99,15388.54,4926116.3,BTC
2014-12-25,318.99,332.88,316.36,329.98,23005.85,7518851.52,BTC
2014-12-26,329.98,330.7,311.98,315.34,21631.92,6940336.9,BTC
2014-12-27,315.34,322.84,310.5,316.53,20414.2,6482718.73,BTC
2014-12-28,316.53,321.61,308.28,314.12,20355.29,6457547.05,BTC
2014-12-29,314.12,316.18,309.25,311.27,22777.45,7163083.26,BTC
2014-12-30,311.27,319.09,308.89,318.24,20496.34,6472822.84,BTC
2014-12-31,318.24,321.36,313.54,314.89,12820.26,4073067.1,BTC
2015-01-01,314.89,316.4,313.08,315.21,14728.97,4673971.8,BTC
2015-01-02,315.21,315.83,284.89,287.13,47366.46,14209564.7,BTC
2015-01-03,287.13,289.94,255.87,264.72,88769.22,24255392.1,BTC
2015-01-04,264.72,278.32,262.89,274.84,54993.28,14995382.75,BTC
2015-01-05,274.84,285.11,271.52,282.27,21939.38,6097640.43,BTC
2015-01-06,282.27,296.06,280.74,291.34,30666.87,8827164.0,BTC
2015-01-07,291.34,292.71,278.99,282.69,20182.8,5796312.29,BTC
2015-01-08,282.69,290.59,277.28,287.97,20924.65,5963203.51,BTC
2015-01-09,287.97,289.25,271.98,273.35,14724.72,4147357.05,BTC
2015-01-10,273.35,278.01,263.76,264.77,15111.35,4122751.52,BTC
2015-01-11,264.77,273.08,263.3,269.33,25384.85,6899315.98,BTC
2015-01-12,269.33,269.1,217.1,221.29,95497.81,22745960.68,BTC
2015-01-13,221.29,230.86,157.29,164.92,170682.75,32911586.21,BTC
2015-01-14,164.92,231.26,164.55,209.78,124666.16,25672423.81,BTC
2015-01-15,209.78,222.63,198.72,206.92,62321.12,13208882.23,BTC
2015-01-16,206.92,212.59,191.71,199.65,43131.44,8685194.65,BTC
2015-01-17,199.65,220.73,192.51,210.62,40367.48,8429486.11,BTC
2015-01-18,210.62,219.48,205.47,215.87,31578.61,6744459.25,BTC
2015-01-19,215.87,216.57,203.42,210.55,37484.43,7926400.72,BTC
2015-01-20,210.55,229.32,207.11,228.17,43184.11,9390361.66,BTC
2015-01-21,228.17,238.78,225.57,232.7,53706.05,12508308.9,BTC
2015-01-22,232.7,236.97,224.84,232.17,38166.88,8855407.23,BTC
2015-01-23,232.17,248.88,229.58,248.16,33239.37,8011743.34,BTC
2015-01-24,248.16,256.43,241.36,252.09,50188.59,12509649.52,BTC
2015-01-25,252.09,310.91,251.5,269.18,105714.48,29806496.64,BTC
2015-01-26,269.18,276.9,247.26,263.27,50260.04,13130803.27,BTC
2015-01-27,263.27,267.66,228.06,236.17,63771.42,15880595.92,BTC
2015-01-28,236.17,241.51,220.36,233.99,54485.72,12723448.2,BTC
2015-01-29,233.99,244.83,227.19,231.84,48226.84,11316575.19,BTC
2015-01-30,231.84,235.36,216.46,218.51,42154.24,9645307.86,BTC
2015-01-31,218.51,231.44,209.71,225.29,41163.75,9058010.18,BTC
2015-02-01,225.29,242.51,220.53,238.86,39015.62,8965813.6,BTC
2015-02-02,238.86,247.48,223.91,227.41,63078.64,15000263.95,BTC
2015-02-03,227.41,230.71,220.23,226.58,55242.53,12495299.13,BTC
2015-02-04,226.58,229.85,214.35,216.52,40642.68,9055713.16,BTC
2015-02-05,216.52,226.16,215.65,222.96,52515.37,11628519.32,BTC
2015-02-06,222.96,231.0,222.38,227.68,39761.33,9046632.13,BTC
2015-02-07,227.68,230.23,219.5,223.67,29048.5,6564922.66,BTC
2015-02-08,223.67,225.0,215.66,220.34,91686.86,20192733.61,BTC
2015-02-09,220.34,222.19,214.44,219.67,86145.83,18877297.99,BTC
2015-02-10,219.67,223.53,217.28,218.83,71734.25,15909377.35,BTC
2015-02-11,218.83,223.0,217.3,221.79,50109.53,11084499.87,BTC
2015-02-12,221.79,241.58,220.62,236.17,112253.36,26243104.7,BTC
2015-02-13,236.17,261.25,235.38,258.64,133796.04,33313626.71,BTC
2015-02-14,258.64,264.57,226.56,233.27,179142.98,43921119.98,BTC
2015-02-15,233.27,240.03,228.01,235.83,115467.55,27187677.11,BTC
2015-02-16,235.83,247.17,232.03,243.2,116259.51,27926884.82,BTC
2015-02-17,243.2,245.51,231.7,235.2,99662.48,23813015.67,BTC
2015-02-18,235.2,244.11,234.87,241.92,66053.23,15852470.09,BTC
2015-02-19,241.92,247.76,238.83,244.52,83584.59,20434846.7,BTC
2015-02-20,244.52,247.32,242.65,244.41,42952.95,10570761.56,BTC
2015-02-21,244.41,246.54,232.72,235.73,75700.07,18107359.63,BTC
2015-02-22,235.73,240.06,231.33,238.82,62672.06,14856549.49,BTC
2015-02-23,238.82,240.25,235.5,238.89,45034.29,10787951.21,BTC
2015-02-24,238.89,239.64,234.59,237.33,38095.34,9092357.66,BTC
2015-02-25,237.33,238.17,233.5,236.53,50871.35,12064967.48,BTC
2015-02-26,236.53,258.72,235.7,253.47,167808.96,42282820.69,BTC
2015-02-27,253.47,255.4,248.73,254.06,39409.14,9999594.97,BTC
2015-02-28,254.06,260.65,244.77,257.94,51327.58,12964061.92,BTC
2015-03-01,257.94,274.8,256.15,273.75,81093.26,21562624.62,BTC
2015-03-02,273.75,287.06,266.12,280.65,164816.88,45650597.34,BTC
2015-03-03,280.65,284.47,265.91,271.92,138996.99,38656923.75,BTC
2015-03-04,271.92,280.84,262.81,275.23,123644.37,33599454.28,BTC
2015-03-05,275.23,277.99,269.02,272.56,98796.9,27014943.36,BTC
2015-03-06,272.56,278.25,269.41,274.91,60715.12,16708000.42,BTC
2015-03-07,274.91,278.78,271.31,274.49,50400.9,13902830.08,BTC
2015-03-08,274.49,293.26,273.79,290.02,151770.38,43259194.28,BTC
2015-03-09,290.02,300.96,288.12,291.37,158177.83,46657647.9,BTC
2015-03-10,291.37,297.66,288.88,295.6,79980.96,23542829.99,BTC
2015-03-11,295.6,296.98,290.83,293.85,107321.48,31607747.19,BTC
2015-03-12,293.85,294.92,286.08,287.21,97342.01,28288614.1,BTC
2015-03-13,287.21,288.4,279.3,281.6,75719.87,21495879.21,BTC
2015-03-14,281.6,286.39,280.37,284.88,39454.72,11238833.94,BTC
2015-03-15,284.88,294.01,284.77,290.41,66339.57,19355605.15,BTC
2015-03-16,290.41,292.46,283.25,285.38,65014.37,18775700.27,BTC
2015-03-17,285.38,285.65,248.19,255.92,206739.42,55391241.42,BTC
2015-03-18,255.92,264.8,247.0,260.93,180691.53,46525086.82,BTC
2015-03-19,260.93,264.71,257.85,261.78,52832.95,13853175.66,BTC
2015-03-20,261.78,263.26,254.02,259.71,51651.97,13413360.84,BTC
2015-03-21,259.71,270.42,259.0,268.57,56633.33,14980752.09,BTC
2015-03-22,268.57,271.01,259.38,265.46,81449.75,21749937.38,BTC
2015-03-23,265.46,267.02,242.67,246.72,151085.48,38033136.19,BTC
2015-03-24,246.72,249.21,234.84,246.37,131441.85,32092197.46,BTC
2015-03-25,246.37,254.69,243.52,248.02,89470.97,22412560.34,BTC
2015-03-26,248.02,250.05,244.47,247.21,62563.89,15543779.05,BTC
2015-03-27,247.21,254.25,246.28,252.02,55058.15,13890988.51,BTC
2015-03-28,252.02,252.81,238.93,242.08,77539.18,18971340.67,BTC
2015-03-29,242.08,248.83,236.55,246.79,85332.75,20963830.56,BTC
2015-03-30,246.79,248.7,241.18,244.15,75332.15,18515676.34,BTC
2015-03-31,244.15,247.67,239.57,246.24,67076.52,16412525.86,BTC
2015-04-01,246.24,254.85,244.25,252.6,81367.61,20354036.74,BTC
2015-04-02,252.6,256.53,251.26,254.48,71738.22,18264452.59,BTC
2015-04-03,254.48,255.24,250.31,252.89,30716.88,7805160.91,BTC
2015-04-04,252.89,260.26,250.6,259.64,43829.64,11277271.88,BTC
2015-04-05,259.64,261.45,252.32,254.97,45930.83,11857398.41,BTC
2015-04-06,254.97,255.6,250.15,252.97,44793.41,11401051.13,BTC
2015-04-07,252.97,254.26,242.57,244.57,102647.59,25401433.04,BTC
2015-04-08,244.57,246.22,237.62,243.32,69191.17,16846896.21,BTC
2015-04-09,243.32,244.11,231.3,234.73,100200.45,23728422.4,BTC
2015-04-10,234.73,240.0,233.12,236.48,51985.54,12319489.65,BTC
2015-04-11,236.48,237.52,232.27,235.85,33032.15,7814533.91,BTC
2015-04-12,235.85,236.75,220.36,223.59,105151.51,23982950.79,BTC
2015-04-13,223.59,224.72,214.27,217.99,115188.26,25315606.19,BTC
2015-04-14,217.99,223.56,217.15,222.97,77228.44,17099352.43,BTC
2015-04-15,222.97,229.53,222.87,227.98,84889.1,19315044.09,BTC
2015-04-16,227.98,229.28,220.56,222.59,66924.16,15015559.02,BTC
2015-04-17,222.59,224.47,220.57,223.35,36537.62,8152434.69,BTC
2015-04-18,223.35,226.94,221.96,223.02,35495.15,7984589.44,BTC
2015-04-19,223.02,226.72,221.58,224.24,44871.84,10082693.46,BTC
2015-04-20,224.24,235.27,223.29,233.73,68344.58,15658818.31,BTC
2015-04-21,233.73,238.4,231.8,233.78,77563.53,18280060.34,BTC
2015-04-22,233.78,236.12,232.58,235.4,42449.83,9982620.64,BTC
2015-04-23,235.4,236.55,229.06,231.09,69782.78,16221169.24,BTC
2015-04-24,231.09,232.29,223.05,226.14,43784.18,10015666.23,BTC
2015-04-25,226.14,226.72,214.14,218.7,100764.79,22088733.35,BTC
2015-04-26,218.7,242.65,216.6,228.96,123411.71,27696437.64,BTC
2015-04-27,228.96,229.87,222.03,225.81,65971.19,14896418.52,BTC
2015-04-28,225.81,227.24,222.25,225.42,60889.41,13743340.35,BTC
2015-04-29,225.42,240.01,224.68,235.77,112238.62,26242196.77,BTC
2015-04-30,235.77,239.42,232.38,233.21,60139.08,14178420.18,BTC
2015-05-01,233.21,236.38,231.73,235.34,37075.6,8703582.59,BTC
2015-05-02,235.34,243.58,233.8,239.99,55715.89,13389153.76,BTC
2015-05-03,239.99,243.2,237.45,238.97,69115.5,16599243.56,BTC
2015-05-04,238.97,239.61,231.78,235.82,77868.42,18333196.41,BTC
2015-05-05,235.82,237.15,228.24,230.03,103664.18,24127653.28,BTC
2015-05-06,230.03,240.25,228.33,237.73,91051.83,21315971.39,BTC
2015-05-07,237.73,247.01,235.77,243.74,87502.6,21226000.84,BTC
2015-05-08,243.74,247.87,238.52,241.4,62786.96,15281109.27,BTC
2015-05-09,241.4,244.82,238.23,239.96,44003.2,10634289.99,BTC
2015-05-10,239.96,243.95,238.86,241.81,57165.49,13819530.94,BTC
2015-05-11,241.81,243.0,239.18,241.58,40080.32,9712214.4,BTC
2015-05-12,241.58,243.91,234.07,236.38,84427.04,20329395.15,BTC
2015-05-13,236.38,239.17,232.36,236.9,71016.47,16833656.66,BTC
2015-05-14,236.9,238.83,235.53,237.2,46029.85,10932777.42,BTC
2015-05-15,237.2,237.78,234.57,236.23,27053.46,6415070.12,BTC
2015-05-16,236.23,237.77,235.35,236.3,28432.51,6738302.37,BTC
2015-05-17,236.3,237.1,231.46,232.64,53141.78,12516261.2,BTC
2015-05-18,232.64,234.5,231.27,232.02,40937.49,9550029.29,BTC
2015-05-19,232.02,235.17,231.47,233.96,49689.83,11626735.04,BTC
2015-05-20,233.96,236.65,233.61,235.38,42934.55,10114419.29,BTC
2015-05-21,235.38,242.0,234.56,240.37,74109.92,17630641.48,BTC
2015-05-22,240.37,241.73,238.05,238.94,36028.98,8659651.42,BTC
2015-05-23,238.94,242.39,237.48,240.98,30256.48,7278251.72,BTC
2015-05-24,240.98,241.79,235.81,237.41,26385.48,6301300.86,BTC
2015-05-25,237.41,238.99,235.58,237.84,37077.02,8842430.86,BTC
2015-05-26,237.84,238.95,235.89,237.29,48026.76,11445501.96,BTC
2015-05-27,237.29,238.41,236.23,237.32,35748.86,8508673.17,BTC
2015-05-28,237.32,237.89,235.13,237.03,38923.78,9241377.0,BTC
2015-05-29,237.03,237.06,231.59,233.22,41630.86,9738568.03,BTC
2015-05-30,233.22,233.99,229.13,229.84,38997.51,9036624.56,BTC
2015-05-31,229.84,231.76,220.97,223.14,87057.03,19658919.58,BTC
2015-06-01,223.14,227.44,222.25,225.74,60804.73,13666049.75,BTC
2015-06-02,225.74,227.86,223.69,225.59,54353.18,12279838.72,BTC
2015-06-03,225.59,226.71,223.49,224.22,44055.99,9934190.66,BTC
2015-06-04,224.22,226.36,222.15,225.29,56455.17,12703848.43,BTC
2015-06-05,225.29,225.76,223.53,224.74,22467.76,5074897.56,BTC
2015-06-06,224.74,226.36,222.21,223.47,40481.39,9097310.34,BTC
2015-06-07,223.47,229.91,222.99,228.57,74152.69,16824026.1,BTC
2015-06-08,228.57,231.36,227.51,229.56,54837.44,12617632.43,BTC
2015-06-09,229.56,230.44,227.84,228.79,41639.32,9556657.69,BTC
2015-06-10,228.79,230.64,228.54,229.88,38004.06,8745318.46,BTC
2015-06-11,229.88,231.58,229.29,230.46,40744.82,9406856.66,BTC
2015-06-12,230.46,233.14,229.01,232.48,38008.73,8803491.08,BTC
2015-06-13,232.48,235.51,232.09,233.75,32894.87,7700053.79,BTC
2015-06-14,233.75,238.55,233.29,237.0,63467.09,15006949.33,BTC
2015-06-15,237.0,254.15,235.7,249.82,122473.61,29956654.2,BTC
2015-06-16,249.82,258.48,245.09,247.38,121617.91,30652977.32,BTC
2015-06-17,247.38,251.95,242.46,248.44,78135.55,19421567.7,BTC
2015-06-18,248.44,250.81,243.65,244.13,84699.65,20914718.44,BTC
2015-06-19,244.13,246.63,238.7,244.98,51281.32,12470598.74,BTC
2015-06-20,244.98,246.03,240.94,244.1,25152.47,6140997.64,BTC
2015-06-21,244.1,248.6,243.16,247.46,47587.53,11713076.05,BTC
2015-06-22,247.46,247.67,242.32,243.76,38427.99,9432470.15,BTC
2015-06-23,243.76,244.51,239.05,240.56,47109.76,11415709.88,BTC
2015-06-24,240.56,243.65,239.32,242.56,40360.36,9791297.92,BTC
2015-06-25,242.56,243.49,240.14,242.95,37617.83,9112156.6,BTC
2015-06-26,242.95,251.57,241.83,250.73,54700.08,13525813.79,BTC
2015-06-27,250.73,251.59,246.62,248.88,39892.18,9955671.92,BTC
2015-06-28,248.88,257.54,247.96,256.97,92643.49,23504772.6,BTC
2015-06-29,256.97,268.73,255.37,264.12,116532.34,30621602.74,BTC
2015-06-30,264.12,265.0,254.41,257.62,66934.73,17316801.19,BTC
2015-07-01,257.62,261.29,253.09,254.88,45004.59,11560214.6,BTC
2015-07-02,254.88,256.71,252.44,255.4,36579.6,9335969.35,BTC
2015-07-03,255.4,261.08,253.37,260.55,32951.08,8502000.62,BTC
2015-07-04,260.55,274.14,257.61,270.14,48445.72,12906220.27,BTC
2015-07-05,270.14,277.48,266.46,269.08,90578.41,14242625.38,BTC
2015-07-06,269.08,271.34,263.21,266.21,41609.36,11104556.73,BTC
2015-07-07,266.21,273.57,263.18,268.64,45290.37,12157995.11,BTC
2015-07-08,268.64,272.31,265.13,269.14,48385.86,13058350.83,BTC
2015-07-09,269.14,297.85,266.91,283.62,117173.84,33254590.34,BTC
2015-07-10,283.62,298.76,282.28,291.97,46487.25,13584989.4,BTC
2015-07-11,291.97,315.88,291.26,310.44,120702.44,36866127.76,BTC
2015-07-12,310.44,310.88,276.85,290.35,146845.71,42741263.66,BTC
2015-07-13,290.35,296.96,285.17,286.96,60619.43,17635928.71,BTC
2015-07-14,286.96,292.92,283.17,283.42,59578.59,17274148.89,BTC
2015-07-15,283.42,290.84,273.28,276.59,121324.43,34155564.7,BTC
2015-07-16,276.59,280.76,271.17,279.62,62121.51,17217352.98,BTC
2015-07-17,279.62,282.53,243.24,274.05,55337.05,15358107.19,BTC
2015-07-18,274.05,277.07,271.85,273.18,30202.22,8322466.0,BTC
2015-07-19,273.18,278.85,271.82,277.68,46596.58,12900609.61,BTC
2015-07-20,277.68,281.05,274.19,275.09,49054.44,13667891.12,BTC
2015-07-21,275.09,277.39,273.12,276.46,41969.04,11596311.21,BTC
2015-07-22,276.46,277.85,274.47,275.52,35661.27,9870635.2,BTC
2015-07-23,275.52,289.81,274.26,288.37,74359.53,21095041.66,BTC
2015-07-24,288.37,291.24,284.67,288.74,41648.34,12024889.58,BTC
2015-07-25,288.74,293.28,286.77,291.77,30991.92,9038050.71,BTC
2015-07-26,291.77,295.79,285.4,293.01,69710.58,20358325.65,BTC
2015-07-27,293.01,296.68,291.67,293.7,49065.8,14466428.05,BTC
2015-07-28,293.7,294.72,286.89,288.37,50673.64,14738216.66,BTC
2015-07-29,288.37,289.89,284.91,287.02,44792.49,12888680.67,BTC
2015-07-30,287.02,288.69,280.77,283.73,49212.01,14019071.24,BTC
2015-07-31,283.73,284.53,276.3,280.47,39426.68,11068826.78,BTC
2015-08-01,280.47,282.5,275.93,281.36,35672.07,9978638.45,BTC
2015-08-02,281.36,285.0,278.94,281.58,45894.1,13006246.28,BTC
2015-08-03,281.58,285.66,279.58,284.3,44841.21,12732203.17,BTC
2015-08-04,284.3,285.45,280.53,281.72,38285.97,10854754.48,BTC
2015-08-05,281.72,281.98,276.46,278.0,33261.93,9319083.23,BTC
2015-08-06,278.0,279.6,274.28,277.89,42811.69,11919665.19,BTC
2015-08-07,277.89,278.92,257.42,258.6,82543.32,22308123.7,BTC
2015-08-08,258.6,266.75,258.56,263.87,57475.12,15154749.09,BTC
2015-08-09,263.87,266.63,260.52,263.3,48569.01,12873441.85,BTC
2015-08-10,263.3,269.9,261.44,269.03,51361.8,13681939.6,BTC
2015-08-11,269.03,271.5,263.66,267.66,56734.31,15232934.05,BTC
2015-08-12,267.66,268.39,261.28,263.44,56486.75,14962211.79,BTC
2015-08-13,263.44,267.22,260.21,265.03,52327.95,13899139.99,BTC
2015-08-14,265.03,266.55,259.38,260.52,38905.99,10303301.22,BTC
2015-08-15,260.52,261.92,254.57,257.12,69037.08,17880398.95,BTC
2015-08-16,257.12,259.93,252.87,257.13,47882.96,12378054.89,BTC
2015-08-17,257.13,257.53,245.74,246.72,94503.04,23896056.77,BTC
2015-08-18,246.72,247.95,214.29,226.0,245822.71,55514712.14,BTC
2015-08-19,226.0,238.03,225.54,234.66,90981.27,21225055.42,BTC
2015-08-20,234.66,236.3,230.48,232.4,57649.08,13485729.48,BTC
2015-08-21,232.4,235.07,221.04,229.54,74205.5,16976922.67,BTC
2015-08-22,229.54,232.7,224.27,226.75,48840.79,11204081.47,BTC
2015-08-23,226.75,228.43,207.82,211.43,196695.2,43008579.43,BTC
2015-08-24,211.43,226.55,196.26,220.51,190793.65,40651749.53,BTC
2015-08-25,220.51,230.69,218.79,224.97,92812.47,20986286.41,BTC
2015-08-26,224.97,228.44,222.0,222.73,60246.06,13631111.36,BTC
2015-08-27,222.73,234.81,219.6,231.64,90660.85,20751420.42,BTC
2015-08-28,231.64,233.09,226.35,228.5,43740.08,10072201.21,BTC
2015-08-29,228.5,232.32,225.44,228.4,39808.01,9118089.39,BTC
2015-08-30,228.4,231.79,224.2,229.47,54507.28,12521966.49,BTC
2015-08-31,229.47,231.45,225.76,227.18,66543.6,15206241.05,BTC
2015-09-01,227.18,230.59,225.57,228.63,58765.75,13443780.85,BTC
2015-09-02,228.63,229.62,225.36,226.2,54150.19,12337406.44,BTC
2015-09-03,226.2,231.06,225.75,230.25,61762.93,14174313.31,BTC
2015-09-04,230.25,235.61,228.29,233.67,48280.18,11253257.52,BTC
2015-09-05,233.67,243.64,234.74,239.86,66271.08,15939620.21,BTC
2015-09-06,239.86,242.66,237.49,239.58,57187.93,13744695.27,BTC
2015-09-07,239.58,246.38,239.23,243.24,76353.97,18605471.98,BTC
2015-09-08,243.24,244.34,236.49,237.41,69263.89,16636258.68,BTC
2015-09-09,237.41,240.63,234.31,238.08,60537.22,14447606.84,BTC
2015-09-10,238.08,241.02,237.38,239.9,45773.98,10992443.1,BTC
2015-09-11,239.9,240.32,233.32,235.6,43773.9,10407178.6,BTC
2015-09-12,235.6,236.16,228.28,230.19,51595.8,11983360.26,BTC
2015-09-13,230.19,232.64,225.96,229.91,61097.39,14070910.12,BTC
2015-09-14,229.91,242.83,228.03,229.53,49516.04,11425472.46,BTC
2015-09-15,229.53,230.89,225.05,228.6,51913.1,11866728.14,BTC
2015-09-16,228.6,235.17,227.95,232.72,56060.73,12975914.38,BTC
2015-09-17,232.72,234.69,230.58,232.21,53168.52,12397851.98,BTC
2015-09-18,232.21,233.35,230.21,231.11,34470.84,8004103.62,BTC
2015-09-19,231.11,232.67,229.93,231.09,33153.05,7676869.88,BTC
2015-09-20,231.09,231.63,225.0,226.33,53425.18,12180039.21,BTC
2015-09-21,226.33,233.24,224.07,230.01,71545.59,16390021.59,BTC
2015-09-22,230.01,232.2,228.5,229.89,43602.2,10064288.46,BTC
2015-09-23,229.89,235.84,229.57,233.76,72124.09,16797644.6,BTC
2015-09-24,233.76,237.58,232.7,235.03,61574.99,14510987.84,BTC
2015-09-25,235.03,235.71,232.74,234.3,40288.81,9449846.08,BTC
2015-09-26,234.3,234.75,231.84,232.5,36139.39,8429802.53,BTC
2015-09-27,232.5,240.39,232.37,238.87,64274.87,15282768.65,BTC
2015-09-28,238.87,240.39,234.8,236.71,57296.63,13637645.5,BTC
2015-09-29,236.71,237.83,234.39,235.93,50515.18,11946864.9,BTC
2015-09-30,235.93,238.66,234.7,237.05,52884.47,12534482.83,BTC
2015-10-01,237.05,238.45,235.14,236.71,47941.6,11378441.69,BTC
2015-10-02,236.71,239.52,236.07,238.58,43304.67,10338780.01,BTC
2015-10-03,238.58,277.58,237.51,238.33,31854.49,7618430.27,BTC
2015-10-04,238.33,240.53,236.41,240.15,61240.52,14631928.87,BTC
2015-10-05,240.15,247.61,239.36,246.14,78843.88,19242190.45,BTC
2015-10-06,246.14,247.28,241.65,242.98,62600.8,15363142.53,BTC
2015-10-07,242.98,244.79,241.57,242.58,44153.62,10762328.45,BTC
2015-10-08,242.58,244.56,241.34,244.04,40572.8,9897714.74,BTC
2015-10-09,244.04,245.93,242.89,245.35,38960.98,9547124.76,BTC
2015-10-10,245.35,248.26,244.47,247.65,41425.58,10232454.52,BTC
2015-10-11,247.65,248.02,244.65,245.35,40389.34,9961674.07,BTC
2015-10-12,245.35,251.19,243.11,248.78,74881.9,18553307.06,BTC
2015-10-13,248.78,255.06,248.28,252.33,69581.72,17511356.73,BTC
2015-10-14,252.33,256.76,251.17,254.44,60635.46,15465023.84,BTC
2015-10-15,254.44,267.27,253.93,262.87,95178.55,24886162.93,BTC
2015-10-16,262.87,275.41,261.74,269.58,113842.13,30715446.42,BTC
2015-10-17,269.58,272.44,259.53,261.67,52264.98,13921233.73,BTC
2015-10-18,261.67,265.95,259.89,263.82,58169.97,15352671.06,BTC
2015-10-19,263.82,272.12,262.7,269.75,75401.79,20200355.34,BTC
2015-10-20,269.75,272.17,263.54,267.11,59638.03,16006977.1,BTC
2015-10-21,267.11,278.74,266.8,274.42,93154.36,25481882.58,BTC
2015-10-22,274.42,279.77,273.17,276.92,69321.79,19221822.38,BTC
2015-10-23,276.92,283.05,277.01,282.56,60132.74,16875626.47,BTC
2015-10-24,282.56,295.56,281.75,287.86,113901.26,32946170.24,BTC
2015-10-25,287.86,287.62,279.62,285.15,73205.79,20794049.79,BTC
2015-10-26,285.15,298.43,285.09,294.66,105868.3,31003938.2,BTC
2015-10-27,294.66,307.46,294.02,303.54,116408.66,35117112.66,BTC
2015-10-28,303.54,318.48,300.16,313.63,138919.55,43194878.81,BTC
2015-10-29,313.63,334.92,310.82,327.12,156489.02,50796456.31,BTC
2015-10-30,327.12,333.25,304.6,311.24,105831.92,33762428.44,BTC
2015-10-31,311.24,324.34,304.72,322.95,73712.79,23427549.6,BTC
2015-11-01,322.95,365.75,319.75,359.28,223094.73,76864059.45,BTC
2015-11-02,359.28,416.78,354.58,396.49,421992.87,163481625.82,BTC
2015-11-03,396.49,492.8,368.62,400.89,517733.91,229673024.39,BTC
2015-11-04,400.89,447.24,366.08,382.7,302953.09,121763708.16,BTC
2015-11-05,382.7,396.35,348.84,369.81,255274.81,94921694.02,BTC
2015-11-06,369.81,391.75,368.98,385.09,103025.55,39495095.0,BTC
2015-11-07,385.09,389.78,365.49,371.56,94356.82,35907981.64,BTC
2015-11-08,371.56,385.11,360.17,380.22,125535.36,47074440.94,BTC
2015-11-09,380.22,381.38,323.21,336.69,210288.65,74896052.37,BTC
2015-11-10,336.69,341.76,292.38,304.71,263962.67,83078426.53,BTC
2015-11-11,304.71,346.13,306.07,333.85,164613.86,54120828.19,BTC
2015-11-12,333.85,341.79,323.91,333.77,97247.84,32480298.94,BTC
2015-11-13,333.77,369.8,326.35,331.77,71109.3,23836097.89,BTC
2015-11-14,331.77,334.78,314.16,317.45,88318.89,28640663.53,BTC
2015-11-15,317.45,332.01,314.06,330.21,87141.33,28260517.56,BTC
2015-11-16,330.21,342.91,328.15,333.91,98247.88,32944787.48,BTC
2015-11-17,333.91,337.39,329.42,335.92,78355.69,26194853.26,BTC
2015-11-18,335.92,335.64,323.36,324.98,86374.86,28543062.16,BTC
2015-11-19,324.98,327.06,309.48,321.12,109984.76,35090324.43,BTC
2015-11-20,321.12,328.42,318.37,324.7,44997.78,14652996.7,BTC
2015-11-21,324.7,326.94,319.35,322.78,36748.64,11915632.14,BTC
2015-11-22,322.78,325.0,319.89,322.12,42733.54,13839023.95,BTC
2015-11-23,322.12,323.26,315.54,318.35,50660.16,16282941.39,BTC
2015-11-24,318.35,330.04,315.69,327.52,77684.42,25200934.79,BTC
2015-11-25,327.52,368.92,327.4,353.74,211376.8,73395832.57,BTC
2015-11-26,353.74,363.9,345.15,359.52,103479.86,36955394.2,BTC
2015-11-27,359.52,360.08,350.49,355.83,56171.07,19988111.49,BTC
2015-11-28,355.83,372.84,354.55,370.84,67365.88,24546100.04,BTC
2015-11-29,370.84,382.56,367.87,377.97,129767.07,48913368.38,BTC
2015-11-30,377.97,379.02,353.66,361.8,111904.7,40821470.73,BTC
2015-12-01,361.8,363.43,347.16,359.98,92449.73,32881089.02,BTC
2015-12-02,359.98,371.37,355.47,360.31,87225.21,31673283.3,BTC
2015-12-03,360.31,363.95,354.31,361.67,60548.44,21820610.2,BTC
2015-12-04,361.67,390.28,361.5,386.69,115198.52,43438102.1,BTC
2015-12-05,386.69,402.19,382.62,393.38,131856.64,52068577.43,BTC
2015-12-06,393.38,398.74,381.69,394.28,96750.51,38102878.77,BTC
2015-12-07,394.28,411.07,388.03,410.67,74361.57,29543120.08,BTC
2015-12-08,410.67,424.58,403.26,416.0,147362.83,61289838.7,BTC
2015-12-09,416.0,420.36,409.53,415.49,71661.75,29794270.99,BTC
2015-12-10,415.49,453.37,413.72,449.83,175058.38,76433917.46,BTC
2015-12-11,449.83,467.71,403.69,432.29,211440.71,91838640.61,BTC
2015-12-12,432.29,440.97,420.76,434.69,64139.63,27898250.74,BTC
2015-12-13,434.69,449.45,428.84,442.0,218923.82,97068568.78,BTC
2015-12-14,442.0,464.23,440.72,462.65,107064.22,48912227.87,BTC
2015-12-15,462.65,465.16,437.37,453.98,185221.17,84336145.39,BTC
2015-12-16,453.98,458.44,447.29,455.53,64574.94,29344348.08,BTC
2015-12-17,455.53,466.12,453.46,463.18,83409.95,38425211.05,BTC
2015-12-18,463.18,465.99,452.33,461.2,61309.41,28327900.15,BTC
2015-12-19,461.2,462.76,431.1,441.78,121531.64,54316484.95,BTC
2015-12-20,441.78,445.54,423.99,437.59,121990.88,53270215.6,BTC
2015-12-21,437.59,443.22,433.25,437.03,65785.54,28845536.39,BTC
2015-12-22,437.03,444.78,434.28,442.43,63247.04,27877349.1,BTC
2015-12-23,442.43,460.62,441.76,452.98,79604.01,36096662.15,BTC
2015-12-24,452.98,457.44,449.52,454.05,42390.82,19251958.85,BTC
2015-12-25,454.05,456.48,400.45,415.37,208582.27,88564770.72,BTC
2015-12-26,415.37,425.51,406.09,422.39,67581.91,28259303.48,BTC
2015-12-27,422.39,429.85,417.14,421.76,68345.44,28978639.73,BTC
2015-12-28,421.76,433.56,419.3,431.92,70645.37,30163445.65,BTC
2015-12-29,431.92,435.04,420.77,427.15,68269.9,29289416.54,BTC
2015-12-30,427.15,433.12,417.14,429.95,65213.47,27758278.73,BTC
2015-12-31,429.95,437.95,425.86,433.99,46973.12,20334286.58,BTC
2016-01-01,433.99,437.43,430.73,433.72,33570.39,14566820.95,BTC
2016-01-02,433.72,434.14,423.09,430.7,54826.26,23490162.61,BTC
2016-01-03,430.7,435.26,428.6,433.32,53007.87,22943968.22,BTC
2016-01-04,433.32,435.25,428.87,431.2,45029.87,19499588.99,BTC
2016-01-05,431.2,432.11,425.0,430.82,43432.03,18702334.67,BTC
2016-01-06,430.82,457.54,428.52,457.05,130197.44,58253615.03,BTC
2016-01-07,457.05,462.92,446.51,452.87,91304.61,41594025.32,BTC
2016-01-08,452.87,454.55,444.9,448.31,39809.95,17967113.95,BTC
2016-01-09,448.31,448.88,438.62,446.19,44457.28,19778456.68,BTC
2016-01-10,446.19,451.08,441.77,447.72,56587.4,25358480.83,BTC
2016-01-11,447.72,448.41,443.14,445.04,44585.93,19913400.66,BTC
2016-01-12,445.04,443.72,420.39,432.18,92040.06,39525195.32,BTC
2016-01-13,432.18,433.74,427.01,429.13,46172.51,19948730.59,BTC
2016-01-14,429.13,430.15,364.71,372.26,268141.73,107060613.39,BTC
2016-01-15,372.26,386.72,350.39,385.04,183962.03,68297105.65,BTC
2016-01-16,385.04,390.72,377.71,382.47,66089.34,25464382.4,BTC
2016-01-17,382.47,387.29,373.21,384.4,69301.33,26546465.91,BTC
2016-01-18,384.4,386.69,375.89,379.46,66345.24,25417876.87,BTC
2016-01-19,379.46,425.72,374.05,414.58,190316.94,76873917.15,BTC
2016-01-20,414.58,423.42,403.86,410.24,89938.22,37264942.18,BTC
2016-01-21,410.24,411.49,374.9,382.65,144856.97,56548790.09,BTC
2016-01-22,382.65,395.43,380.27,388.61,61383.14,23908533.75,BTC
2016-01-23,388.61,405.4,385.53,402.13,64535.73,25770175.58,BTC
2016-01-24,402.13,403.78,386.85,392.76,67659.06,26793044.72,BTC
2016-01-25,392.76,397.74,387.9,389.78,56805.12,22384754.5,BTC
2016-01-26,389.78,397.37,389.35,395.02,43678.72,17297117.36,BTC
2016-01-27,395.02,395.42,376.71,379.69,77319.55,29717813.05,BTC
2016-01-28,379.69,385.75,363.49,380.29,138455.81,51927041.84,BTC
2016-01-29,380.29,381.75,375.04,377.76,36179.6,13720656.84,BTC
2016-01-30,377.76,380.54,366.88,369.84,39019.71,14718855.75,BTC
2016-01-31,369.84,379.78,365.27,372.18,74346.01,27728088.91,BTC
2016-02-01,372.18,376.63,371.4,373.92,50981.07,19123252.48,BTC
2016-02-02,373.92,375.89,366.2,368.02,59813.05,22266682.14,BTC
2016-02-03,368.02,391.83,368.05,390.65,101868.7,38961905.49,BTC
2016-02-04,390.65,391.15,384.48,386.46,60917.35,23688228.07,BTC
2016-02-05,386.46,386.35,372.87,376.68,78850.1,29801286.8,BTC
2016-02-06,376.68,382.61,375.28,377.94,40743.17,15395728.35,BTC
2016-02-07,377.94,380.92,372.1,372.63,62236.23,23424062.52,BTC
2016-02-08,372.63,377.59,371.42,375.32,55358.89,20801701.37,BTC
2016-02-09,375.32,385.38,374.09,381.88,97487.81,37137791.06,BTC
2016-02-10,381.88,383.23,372.75,379.45,62653.08,23858467.37,BTC
2016-02-11,379.45,386.4,379.32,384.04,53759.93,20685663.27,BTC
2016-02-12,384.04,392.57,383.31,390.1,48158.05,18757146.48,BTC
2016-02-13,390.1,405.93,390.06,405.5,73589.64,29442484.67,BTC
2016-02-14,405.5,410.85,396.56,401.07,86127.28,34862753.81,BTC
2016-02-15,401.07,409.75,398.0,406.42,68330.32,27726590.05,BTC
2016-02-16,406.42,421.45,405.05,417.14,90323.21,37559686.21,BTC
2016-02-17,417.14,425.51,414.78,421.4,77346.22,32541108.12,BTC
2016-02-18,421.4,424.26,416.36,419.98,52240.27,21991480.98,BTC
2016-02-19,419.98,442.66,419.49,440.06,111626.76,48500793.67,BTC
2016-02-20,440.06,447.61,425.47,437.87,100499.03,44120520.96,BTC
2016-02-21,437.87,440.18,431.3,437.79,56010.22,24563748.2,BTC
2016-02-22,437.79,440.76,414.36,419.9,93717.62,39915706.29,BTC
2016-02-23,419.9,425.17,410.36,422.72,66506.84,28041199.85,BTC
2016-02-24,422.72,427.18,417.51,423.48,53541.45,22692099.41,BTC
2016-02-25,423.48,427.58,419.11,427.32,53212.34,22642013.92,BTC
2016-02-26,427.32,434.14,427.3,431.3,42792.33,18543436.43,BTC
2016-02-27,431.3,435.62,421.22,432.47,50847.07,21876091.34,BTC
2016-02-28,432.47,441.32,429.83,436.21,68773.52,30077319.62,BTC
2016-02-29,436.21,439.02,428.49,434.04,67461.59,29312670.84,BTC
2016-03-01,434.04,435.91,423.85,425.36,57744.55,24894311.79,BTC
2016-03-02,425.36,425.83,414.94,419.56,78902.45,33188751.08,BTC
2016-03-03,419.56,423.39,407.2,409.48,75267.61,31416610.3,BTC
2016-03-04,409.48,410.06,386.93,399.0,129149.15,51725937.08,BTC
2016-03-05,399.0,412.02,393.09,405.96,62593.92,25324456.27,BTC
2016-03-06,405.96,416.58,401.98,414.87,61774.07,25349627.97,BTC
2016-03-07,414.87,416.72,408.42,411.9,53769.8,22204517.93,BTC
2016-03-08,411.9,414.88,408.94,412.76,50919.66,21035428.97,BTC
2016-03-09,412.76,417.48,410.27,415.83,55735.81,23114636.62,BTC
2016-03-10,415.83,422.4,415.11,419.11,60632.19,25469781.33,BTC
2016-03-11,419.11,420.67,407.03,410.36,59635.49,24660321.63,BTC
2016-03-12,410.36,415.93,409.57,412.41,34977.81,14457108.0,BTC
2016-03-13,412.41,416.08,411.19,414.31,49332.82,20471909.73,BTC
2016-03-14,414.31,417.37,412.31,415.13,48596.63,20227610.88,BTC
2016-03-15,415.13,416.95,413.32,415.91,44535.24,18509954.18,BTC
2016-03-16,415.91,419.56,415.33,418.16,43820.66,18409340.68,BTC
2016-03-17,418.16,418.58,402.48,408.16,66068.03,27178165.73,BTC
2016-03-18,408.16,410.49,402.13,408.69,36997.54,15084656.26,BTC
2016-03-19,408.69,413.45,407.24,411.53,30543.21,12577521.63,BTC
2016-03-20,411.53,413.09,407.25,411.11,43159.26,17735457.25,BTC
2016-03-21,411.11,417.94,410.78,416.21,49075.11,20425092.47,BTC
2016-03-22,416.21,419.58,414.18,416.98,40605.05,16946522.38,BTC
2016-03-23,416.98,417.68,412.88,414.74,38828.43,16210672.62,BTC
2016-03-24,414.74,417.3,412.41,415.71,34588.15,14431200.38,BTC
2016-03-25,415.71,417.71,413.93,416.51,28056.64,11696306.67,BTC
2016-03-26,416.51,427.36,415.5,424.57,61724.4,26137150.51,BTC
2016-03-27,424.57,425.36,419.7,422.21,43444.76,18410749.99,BTC
2016-03-28,422.21,424.53,406.36,415.0,69113.03,28765857.05,BTC
2016-03-29,415.0,416.22,408.4,412.44,43282.31,17890792.61,BTC
2016-03-30,412.44,417.16,411.45,415.66,41840.9,17407273.19,BTC
2016-03-31,415.66,416.86,412.79,415.64,38218.91,15852511.01,BTC
2016-04-01,415.64,420.09,415.09,418.51,31309.25,13137339.89,BTC
2016-04-02,418.51,420.18,416.95,419.06,22798.16,9591214.82,BTC
2016-04-03,419.06,420.39,416.21,419.33,33436.9,14031939.65,BTC
2016-04-04,419.33,423.67,417.95,422.07,40886.78,17260368.39,BTC
2016-04-05,422.07,422.81,419.54,421.26,32667.23,13836754.91,BTC
2016-04-06,421.26,422.03,417.94,420.14,36056.99,15200495.86,BTC
2016-04-07,420.14,423.51,415.5,417.69,46947.25,19810838.26,BTC
2016-04-08,417.69,418.85,412.39,418.05,29424.6,12291880.83,BTC
2016-04-09,418.05,421.63,416.69,420.25,23300.23,9806327.9,BTC
2016-04-10,420.25,422.35,418.11,421.43,36387.29,15374195.04,BTC
2016-04-11,421.43,426.69,420.7,424.74,57711.94,24580503.64,BTC
2016-04-12,424.74,426.58,421.41,423.47,38088.6,16183793.93,BTC
2016-04-13,423.47,425.44,421.84,424.02,30664.4,13038970.54,BTC
2016-04-14,424.02,429.49,423.25,428.67,54119.98,23214560.1,BTC
2016-04-15,428.67,432.0,426.84,430.05,29021.18,12517265.78,BTC
2016-04-16,430.05,430.62,423.79,426.26,25586.86,10980868.31,BTC
2016-04-17,426.26,429.07,424.35,427.69,32574.71,13951524.85,BTC
2016-04-18,427.69,436.07,426.84,434.92,45675.4,19713466.34,BTC
2016-04-19,434.92,442.86,432.51,441.16,74361.53,32655415.81,BTC
2016-04-20,441.16,450.8,439.53,449.34,63127.8,28168774.29,BTC
2016-04-21,449.34,450.19,441.9,445.28,49710.33,22225157.27,BTC
2016-04-22,445.28,451.48,443.07,450.08,42358.77,18998211.55,BTC
2016-04-23,450.08,461.78,447.89,457.56,74434.28,33984269.34,BTC
2016-04-24,457.56,466.23,451.79,461.73,81656.03,37614684.81,BTC
2016-04-25,461.73,468.86,459.23,466.0,67557.86,31451239.15,BTC
2016-04-26,466.0,467.87,444.62,447.01,90806.31,41539684.76,BTC
2016-04-27,447.01,450.1,433.9,448.48,81934.58,36369788.38,BTC
2016-04-28,448.48,456.31,445.22,454.98,44850.72,20264761.95,BTC
2016-04-29,454.98,456.86,446.65,448.53,35308.4,15994805.53,BTC
2016-04-30,448.53,454.21,447.52,452.24,21745.59,9838490.74,BTC
2016-05-01,452.24,453.87,440.21,444.18,73854.48,32863011.95,BTC
2016-05-02,444.18,451.54,441.55,450.27,49749.84,22292253.48,BTC
2016-05-03,450.27,450.87,444.22,445.8,39440.84,17676609.71,BTC
2016-05-04,445.8,449.19,444.35,448.08,41887.49,18765369.38,BTC
2016-05-05,448.08,461.48,445.72,459.56,68429.7,31122708.07,BTC
2016-05-06,459.56,460.61,454.6,458.46,30971.06,14247601.97,BTC
2016-05-07,458.46,460.18,454.94,457.87,27597.1,12689581.18,BTC
2016-05-08,457.87,464.18,455.38,460.44,48422.16,22322043.96,BTC
2016-05-09,460.44,462.14,446.81,449.36,59992.45,27247925.23,BTC
2016-05-10,449.36,456.15,449.59,452.5,39965.14,18137209.37,BTC
2016-05-11,452.5,455.34,448.4,454.43,49186.86,22252919.49,BTC
2016-05-12,454.43,457.22,451.49,455.41,32389.98,14768796.02,BTC
2016-05-13,455.41,457.74,453.58,456.44,20360.7,9319128.91,BTC
2016-05-14,456.44,460.28,455.0,458.11,21196.42,9745309.9,BTC
2016-05-15,458.11,459.57,450.73,454.87,36601.5,16731954.01,BTC
2016-05-16,454.87,456.3,451.71,453.25,34628.34,15741822.36,BTC
2016-05-17,453.25,456.65,452.35,454.22,32606.95,14884550.93,BTC
2016-05-18,454.22,455.19,441.12,442.66,59385.1,26626097.5,BTC
2016-05-19,442.66,447.76,435.42,442.11,48431.62,21415312.04,BTC
2016-05-20,442.11,445.24,439.73,443.64,22999.29,10213550.36,BTC
2016-05-21,443.64,444.24,436.94,439.62,28739.45,12691382.29,BTC
2016-05-22,439.62,444.99,438.24,443.69,35897.23,15885933.69,BTC
2016-05-23,443.69,447.9,442.02,446.11,33214.62,14837671.76,BTC
2016-05-24,446.11,451.21,445.35,449.78,37716.29,16954105.43,BTC
2016-05-25,449.78,454.25,447.67,453.3,37715.9,17093327.23,BTC
2016-05-26,453.3,479.22,452.71,474.05,135674.57,63894987.38,BTC
2016-05-27,474.05,531.76,467.05,524.22,150172.04,75400711.07,BTC
2016-05-28,524.22,548.04,493.22,516.05,152570.22,80753301.33,BTC
2016-05-29,516.05,544.18,512.81,532.26,77528.43,41433165.43,BTC
2016-05-30,532.26,546.92,513.15,528.92,114080.03,60896411.69,BTC
2016-05-31,528.92,542.26,521.3,537.4,72406.45,38742660.86,BTC
2016-06-01,537.4,541.55,530.47,537.1,52877.98,28380698.71,BTC
2016-06-02,537.1,573.72,534.34,567.03,106250.27,59464310.87,BTC
2016-06-03,567.03,592.68,560.87,571.95,87411.46,50353517.34,BTC
2016-06-04,571.95,583.64,567.77,574.91,64520.22,37233994.18,BTC
2016-06-05,574.91,586.73,571.67,583.58,63682.81,37131086.56,BTC
2016-06-06,583.58,591.32,543.63,575.58,84694.25,49082472.71,BTC
2016-06-07,575.58,582.44,567.78,580.51,49604.16,28706216.31,BTC
2016-06-08,580.51,580.71,569.26,574.69,48613.35,28010575.91,BTC
2016-06-09,574.69,579.26,571.14,577.89,45501.86,26290866.62,BTC
2016-06-10,577.89,592.61,576.29,591.6,42217.02,24790441.26,BTC
2016-06-11,591.6,683.85,592.79,666.55,217379.53,139684630.33,BTC
2016-06-12,666.55,718.24,652.78,700.07,216731.32,149442548.73,BTC
2016-06-13,700.07,702.52,654.69,685.14,135648.79,92458349.24,BTC
2016-06-14,685.14,695.07,670.45,690.77,78620.97,53863568.9,BTC
2016-06-15,690.77,769.73,687.43,761.21,229569.22,169704647.02,BTC
2016-06-16,761.21,771.89,704.21,743.9,215870.36,160302360.32,BTC
2016-06-17,743.9,776.04,727.13,753.77,120525.37,91056993.79,BTC
2016-06-18,753.77,765.1,740.38,761.04,60445.37,45805980.62,BTC
2016-06-19,761.04,764.6,717.41,733.97,112290.09,83637617.46,BTC
2016-06-20,733.97,732.23,626.05,667.38,248083.39,166828425.88,BTC
2016-06-21,667.38,677.8,586.6,590.56,202320.1,129550795.89,BTC
2016-06-22,590.56,629.55,539.28,620.84,261739.44,154289129.68,BTC
2016-06-23,620.84,687.39,616.41,656.89,196694.45,128990817.06,BTC
2016-06-24,656.89,688.1,640.79,663.52,100457.69,67442141.07,BTC
2016-06-25,663.52,665.19,609.9,625.41,88928.71,56403088.15,BTC
2016-06-26,625.41,650.34,615.22,644.66,99812.97,63747137.15,BTC
2016-06-27,644.66,659.27,634.26,644.89,76657.93,49673830.24,BTC
2016-06-28,644.89,645.91,621.76,636.54,80218.82,50898093.64,BTC
2016-06-29,636.54,673.04,631.24,670.02,88203.81,58215062.66,BTC
2016-06-30,670.02,685.11,661.09,674.57,92227.36,62394480.64,BTC
2016-07-01,674.57,700.46,671.46,698.06,67380.47,46555796.93,BTC
2016-07-02,698.06,701.49,644.61,661.64,99268.29,66591456.99,BTC
2016-07-03,661.64,679.03,644.04,675.16,63905.01,42756935.48,BTC
2016-07-04,675.16,679.19,657.31,663.67,54642.8,36687264.23,BTC
2016-07-05,663.67,678.39,662.24,672.7,47049.5,31708100.51,BTC
2016-07-06,672.7,676.19,604.95,635.25,153608.21,97639342.03,BTC
2016-07-07,635.25,663.43,630.17,662.78,75892.55,49243011.02,BTC
2016-07-08,662.78,663.49,620.68,651.83,96013.13,62061207.33,BTC
2016-07-09,651.83,651.98,636.8,647.11,29256.82,18955766.48,BTC
2016-07-10,647.11,657.47,639.97,646.71,45941.77,29925667.34,BTC
2016-07-11,646.71,673.19,644.56,670.56,66591.48,44047499.67,BTC
2016-07-12,670.56,672.02,656.04,661.15,62958.21,41791464.25,BTC
2016-07-13,661.15,661.88,646.31,657.25,48196.92,31748496.83,BTC
2016-07-14,657.25,667.46,656.5,664.2,35830.56,23817856.65,BTC
2016-07-15,664.2,665.41,655.72,660.69,20385.0,13557557.05,BTC
2016-07-16,660.69,680.94,660.13,676.33,46840.6,31614610.5,BTC
2016-07-17,676.33,680.42,664.61,670.38,42576.77,28810844.41,BTC
2016-07-18,670.38,673.24,663.63,671.1,30395.36,20401885.27,BTC
2016-07-19,671.1,672.29,659.51,664.4,37562.71,25075066.39,BTC
2016-07-20,664.4,666.51,657.82,664.62,32164.64,21351309.78,BTC
2016-07-21,664.62,669.44,645.69,651.11,65894.84,43283429.35,BTC
2016-07-22,651.11,658.17,647.98,655.16,29884.68,19544654.54,BTC
2016-07-23,655.16,664.21,651.03,659.29,29815.62,19642346.73,BTC
2016-07-24,659.29,662.51,651.08,654.0,34383.06,22564554.46,BTC
2016-07-25,654.0,657.76,643.49,654.38,49388.21,32177578.58,BTC
2016-07-26,654.38,659.08,646.04,654.54,29885.7,19568531.49,BTC
2016-07-27,654.54,657.96,650.81,654.13,28112.8,18452583.66,BTC
2016-07-28,654.13,657.4,650.99,655.43,27043.62,17757920.48,BTC
2016-07-29,655.43,657.55,652.06,654.74,19354.41,12721755.54,BTC
2016-07-30,654.74,654.92,621.42,621.87,62887.74,39918066.14,BTC
2016-07-31,621.87,627.89,603.55,607.0,66660.27,41229298.83,BTC
2016-08-01,607.0,613.75,471.36,513.43,130913.66,75338595.54,BTC
2016-08-02,513.43,573.06,514.09,566.44,85930.35,47170751.56,BTC
2016-08-03,566.44,584.89,559.5,576.22,44823.44,25725471.16,BTC
2016-08-04,576.22,579.97,565.81,574.66,27885.51,15992890.37,BTC
2016-08-05,574.66,596.68,565.33,586.45,25382.28,14676841.26,BTC
2016-08-06,586.45,596.01,580.87,590.85,26202.24,15491523.1,BTC
2016-08-07,590.85,594.24,585.41,589.24,24880.83,14726811.56,BTC
2016-08-08,589.24,591.2,581.1,585.25,25971.47,15304277.91,BTC
2016-08-09,585.25,600.52,580.87,590.94,49568.68,29376783.81,BTC
2016-08-10,590.94,599.15,585.39,587.84,39824.58,23640952.51,BTC
2016-08-11,587.84,591.14,582.2,587.14,25501.78,15009452.98,BTC
2016-08-12,587.14,590.07,582.81,584.59,19303.82,11357750.81,BTC
2016-08-13,584.59,585.8,559.93,569.06,33065.8,18970094.63,BTC
2016-08-14,569.06,574.97,559.28,566.95,33771.15,19218972.96,BTC
2016-08-15,566.95,583.38,563.38,580.19,37689.33,21634083.15,BTC
2016-08-16,580.19,581.1,568.66,572.34,32760.8,18886741.55,BTC
2016-08-17,572.34,579.53,570.83,573.39,30389.41,17509679.71,BTC
2016-08-18,573.39,577.86,566.25,574.56,25530.44,14701426.29,BTC
2016-08-19,574.56,583.5,572.28,582.61,23119.79,13416843.63,BTC
2016-08-20,582.61,585.32,577.84,580.66,14160.18,8294321.53,BTC
2016-08-21,580.66,591.9,577.13,587.47,33558.61,19658058.08,BTC
2016-08-22,587.47,589.87,578.61,583.56,32082.32,18772369.53,BTC
2016-08-23,583.56,584.47,576.82,579.66,28057.04,16337141.09,BTC
2016-08-24,579.66,580.71,570.81,577.96,32733.65,18885349.63,BTC
2016-08-25,577.96,582.73,575.83,579.37,21168.38,12329289.75,BTC
2016-08-26,579.37,580.41,567.25,570.35,18686.65,10747219.53,BTC
2016-08-27,570.35,576.32,569.21,574.98,12824.95,7377921.72,BTC
2016-08-28,574.98,578.61,571.38,574.23,23862.95,13760854.22,BTC
2016-08-29,574.23,579.94,572.51,577.32,27480.29,15895354.76,BTC
2016-08-30,577.32,578.25,571.69,573.88,24933.77,14338795.45,BTC
2016-08-31,573.88,704.97,569.37,571.99,25872.2,14860164.25,BTC
2016-09-01,571.99,577.6,569.3,575.29,26612.15,15315755.66,BTC
2016-09-02,575.29,604.97,572.64,598.84,35699.73,21055514.22,BTC
2016-09-03,598.84,615.2,590.78,609.55,30690.03,18646011.82,BTC
2016-09-04,609.55,610.61,598.77,605.76,25286.46,15369832.26,BTC
2016-09-05,605.76,611.95,603.55,610.44,24324.78,14864563.84,BTC
2016-09-06,610.44,616.48,606.24,613.21,30033.77,18429525.07,BTC
2016-09-07,613.21,629.3,611.25,625.57,36328.29,22710390.64,BTC
2016-09-08,625.57,627.58,617.32,623.16,28333.32,17710151.19,BTC
2016-09-09,623.16,627.45,621.07,624.52,15279.28,9600113.74,BTC
2016-09-10,624.52,630.77,592.79,605.61,36543.99,22467346.61,BTC
2016-09-11,605.61,610.62,603.03,607.98,27944.86,17058938.65,BTC
2016-09-12,607.98,612.03,604.87,608.61,27515.13,16850869.45,BTC
2016-09-13,608.61,612.16,606.39,609.54,24244.49,14878860.18,BTC
2016-09-14,609.54,610.73,605.1,608.11,22687.24,13892193.46,BTC
2016-09-15,608.11,610.36,605.15,607.78,21847.03,13353736.94,BTC
2016-09-16,607.78,609.61,604.52,607.08,15894.29,9724490.11,BTC
2016-09-17,607.08,612.38,605.22,610.7,16329.91,10004923.58,BTC
2016-09-18,610.7,612.41,606.99,609.85,21236.53,12981851.28,BTC
2016-09-19,609.85,611.27,605.93,609.24,22607.66,13809380.94,BTC
2016-09-20,609.24,608.82,591.69,597.16,36862.36,22059386.51,BTC
2016-09-21,597.16,599.78,592.83,595.63,22441.49,13463966.31,BTC
2016-09-22,595.63,603.7,594.11,602.92,25921.89,15567036.24,BTC
2016-09-23,602.92,605.92,600.5,602.59,13472.8,8196210.74,BTC
2016-09-24,602.59,604.87,598.35,601.49,13278.03,8038079.81,BTC
2016-09-25,601.49,608.46,598.17,606.54,27504.57,16700407.53,BTC
2016-09-26,606.54,608.97,601.73,605.47,25546.7,15534315.77,BTC
2016-09-27,605.47,606.9,602.62,604.67,18936.2,11485005.36,BTC
2016-09-28,604.67,607.23,602.01,604.7,25321.05,15403975.48,BTC
2016-09-29,604.7,608.78,602.25,608.14,23952.58,14534745.84,BTC
2016-09-30,608.14,615.0,607.07,613.41,16932.63,10415543.03,BTC
2016-10-01,613.41,614.21,607.67,610.69,16534.52,10096653.77,BTC
2016-10-02,610.69,613.2,608.47,611.6,21946.12,13462741.8,BTC
2016-10-03,611.6,612.68,606.5,608.96,24993.32,15300692.52,BTC
2016-10-04,608.96,613.65,607.98,611.82,23401.3,14360536.88,BTC
2016-10-05,611.82,612.68,608.54,610.97,21625.57,13276337.45,BTC
2016-10-06,610.97,619.43,609.12,616.03,32725.06,20167399.2,BTC
2016-10-07,616.03,619.56,614.88,617.65,13620.86,8467434.0,BTC
2016-10-08,617.65,618.35,613.01,615.77,13430.26,8320759.4,BTC
2016-10-09,615.77,618.81,612.76,617.29,25230.93,15597892.34,BTC
2016-10-10,617.29,642.35,615.6,640.45,55765.89,35367127.91,BTC
2016-10-11,640.45,642.51,632.19,635.99,26952.73,17240000.95,BTC
2016-10-12,635.99,639.52,632.25,635.6,25614.65,16387361.92,BTC
2016-10-13,635.6,640.46,630.66,637.92,31421.75,20114873.61,BTC
2016-10-14,637.92,641.4,635.06,637.03,12381.25,7970927.57,BTC
2016-10-15,637.03,642.18,636.39,640.12,12886.16,8306925.43,BTC
2016-10-16,640.12,641.29,634.89,637.37,27691.09,17742610.19,BTC
2016-10-17,637.37,639.34,632.23,635.34,24598.13,15725013.13,BTC
2016-10-18,635.34,637.27,624.09,629.06,35289.02,22379197.69,BTC
2016-10-19,629.06,630.83,625.48,628.34,20943.99,13252110.98,BTC
2016-10-20,628.34,633.26,627.58,630.45,28087.96,17836383.25,BTC
2016-10-21,630.45,659.89,629.72,655.48,37097.19,24154228.12,BTC
2016-10-22,655.48,661.2,648.78,653.03,21907.32,14418212.04,BTC
2016-10-23,653.03,654.32,645.68,650.49,33243.05,21726106.55,BTC
2016-10-24,650.49,662.54,647.65,651.0,36742.93,24179462.12,BTC
2016-10-25,651.0,678.39,651.39,674.67,47670.4,31949607.32,BTC
2016-10-26,674.67,687.88,672.26,682.3,46557.39,31862181.34,BTC
2016-10-27,682.3,688.43,678.63,686.24,38968.34,26829414.0,BTC
2016-10-28,686.24,720.19,685.22,714.95,54028.31,38351348.64,BTC
2016-10-29,714.95,714.91,689.51,697.27,39328.5,27793236.64,BTC
2016-10-30,697.27,707.21,682.17,698.67,38046.55,26687188.09,BTC
2016-10-31,698.67,734.36,695.2,726.76,68064.91,49453950.69,BTC
2016-11-01,726.76,735.78,718.14,733.51,39043.27,28452232.03,BTC
2016-11-02,733.51,744.43,670.4,684.87,96409.44,69067917.54,BTC
2016-11-03,684.87,706.64,681.27,702.08,48235.17,33762721.43,BTC
2016-11-04,702.08,706.38,694.03,702.11,22018.95,15554565.72,BTC
2016-11-05,702.11,714.13,697.63,709.91,25809.88,18363567.63,BTC
2016-11-06,709.91,711.66,698.35,705.4,30743.71,21797370.12,BTC
2016-11-07,705.4,714.63,700.96,710.9,39732.33,28262235.71,BTC
2016-11-08,710.9,741.23,707.13,721.42,70698.2,51548567.54,BTC
2016-11-09,721.42,723.02,707.31,714.57,33327.52,23931322.76,BTC
2016-11-10,714.57,719.79,711.67,714.97,25583.38,18386841.21,BTC
2016-11-11,714.97,717.37,701.08,704.27,27601.81,19677656.63,BTC
2016-11-12,704.27,705.61,685.01,701.97,36136.74,25249834.8,BTC
2016-11-13,701.97,708.03,696.11,704.56,37752.31,26613445.03,BTC
2016-11-14,704.56,716.93,697.91,711.1,41401.17,29562740.26,BTC
2016-11-15,711.1,745.98,708.14,740.28,79569.14,58304902.39,BTC
2016-11-16,740.28,751.91,730.08,737.53,62772.48,46942756.4,BTC
2016-11-17,737.53,751.43,730.95,746.96,39708.18,29666065.54,BTC
2016-11-18,746.96,755.34,737.44,747.89,25625.82,19276573.28,BTC
2016-11-19,747.89,752.26,712.77,728.51,47423.27,34876785.19,BTC
2016-11-20,728.51,744.33,726.55,736.19,32508.2,24010681.87,BTC
2016-11-21,736.19,754.01,730.62,749.34,44441.44,33225195.21,BTC
2016-11-22,749.34,750.93,731.34,741.07,37869.33,28258203.98,BTC
2016-11-23,741.07,744.24,726.19,735.31,37239.41,27531777.52,BTC
2016-11-24,735.31,741.25,728.97,740.39,28846.87,21299510.69,BTC
2016-11-25,740.39,740.96,725.62,734.14,22578.17,16682481.58,BTC
2016-11-26,734.14,738.29,727.11,729.42,21354.15,15735824.63,BTC
2016-11-27,729.42,738.1,727.74,733.3,34117.31,25153838.93,BTC
2016-11-28,733.3,737.04,727.78,732.56,32567.83,24030304.1,BTC
2016-11-29,732.56,745.39,730.57,742.49,39277.45,29210351.41,BTC
2016-11-30,742.49,755.48,741.08,752.63,54029.19,40690942.17,BTC
2016-12-01,752.63,779.02,752.25,770.94,63217.85,48893613.64,BTC
2016-12-02,770.94,772.32,755.81,764.24,38445.54,30234128.1,BTC
2016-12-03,764.24,769.23,758.8,766.39,19163.97,14755120.48,BTC
2016-12-04,766.39,769.18,746.01,754.34,51164.97,39082688.28,BTC
2016-12-05,754.34,762.48,750.91,758.21,33430.33,25497771.6,BTC
2016-12-06,758.21,769.02,754.27,765.56,34864.8,26755412.58,BTC
2016-12-07,765.56,773.41,761.17,768.49,28780.25,22208497.22,BTC
2016-12-08,768.49,773.48,765.03,770.48,24176.98,18722048.47,BTC
2016-12-09,770.48,776.96,769.19,774.0,18017.98,14049110.07,BTC
2016-12-10,774.0,774.16,763.0,767.91,17140.02,13269086.38,BTC
2016-12-11,767.91,781.26,767.86,778.47,28759.72,22442991.37,BTC
2016-12-12,778.47,790.33,767.77,778.74,33108.65,25894856.06,BTC
2016-12-13,778.74,780.77,771.01,776.5,24782.47,19326375.41,BTC
2016-12-14,776.5,780.27,773.12,775.21,26224.24,20452116.66,BTC
2016-12-15,775.21,783.94,773.31,782.05,27607.57,21650384.64,BTC
2016-12-16,782.05,791.57,779.36,787.17,23581.31,18648778.51,BTC
2016-12-17,787.17,791.26,783.8,789.01,14532.68,11525747.48,BTC
2016-12-18,789.01,793.73,786.31,789.79,25460.54,20238681.94,BTC
2016-12-19,789.79,800.02,787.12,799.1,34480.19,27406319.09,BTC
2016-12-20,799.1,833.13,795.98,829.21,65293.55,53411082.07,BTC
2016-12-21,829.21,874.68,828.87,860.15,70557.59,60511618.45,BTC
2016-12-22,860.15,920.26,858.04,917.17,102224.08,91802931.23,BTC
2016-12-23,917.17,920.49,880.79,891.07,46030.07,41576781.41,BTC
2016-12-24,891.07,895.24,851.42,891.07,42483.29,37173377.51,BTC
2016-12-25,891.07,909.32,885.88,898.38,38787.58,35002753.4,BTC
2016-12-26,898.38,937.91,893.38,925.78,49691.61,45966615.06,BTC
2016-12-27,925.78,974.51,925.49,972.17,77285.8,73811803.99,BTC
2016-12-28,972.17,982.57,949.23,971.08,61124.62,59226667.89,BTC
2016-12-29,971.08,971.59,927.4,959.04,70839.81,67449149.3,BTC
2016-12-30,959.04,965.47,942.4,963.38,27559.31,26379401.89,BTC
2016-12-31,963.38,1001.61,956.1,995.44,41148.52,40570922.99,BTC
2017-01-01,995.44,1031.68,990.2,1017.05,64951.63,66038073.34,BTC
2017-01-02,1017.05,1035.47,1006.53,1033.3,54788.01,56085870.7,BTC
2017-01-03,1033.3,1148.54,1022.32,1135.41,156272.17,170584623.04,BTC
2017-01-04,1135.41,1150.63,874.53,989.35,240007.84,244839289.77,BTC
2017-01-05,989.35,1027.42,852.55,886.16,194290.96,179160668.84,BTC
2017-01-06,886.16,900.86,806.66,888.87,130663.09,113037531.71,BTC
2017-01-07,888.87,936.13,875.85,900.86,76905.99,70298340.37,BTC
2017-01-08,900.86,910.47,870.91,899.78,62579.5,55963281.18,BTC
2017-01-09,899.78,911.32,890.12,904.37,53709.46,48644106.82,BTC
2017-01-10,904.37,917.65,751.63,785.43,194436.54,160194109.8,BTC
2017-01-11,785.43,828.21,739.55,810.11,120241.76,93986701.88,BTC
2017-01-12,810.11,835.05,771.0,824.83,89861.97,72555875.62,BTC
2017-01-13,824.83,838.9,808.27,819.63,44207.74,36594482.0,BTC
2017-01-14,819.63,826.43,808.63,821.17,24401.41,20004735.1,BTC
2017-01-15,821.17,836.66,817.7,827.34,33222.93,27592899.17,BTC
2017-01-16,827.34,906.38,825.04,899.66,82207.99,72272727.15,BTC
2017-01-17,899.66,913.67,845.87,872.03,69258.17,61042392.11,BTC
2017-01-18,872.03,905.28,870.71,895.21,58440.87,52300814.98,BTC
2017-01-19,895.21,901.49,878.9,892.91,38865.48,34847130.33,BTC
2017-01-20,892.91,928.93,889.46,919.84,40378.21,37129176.59,BTC
2017-01-21,919.84,938.38,888.62,918.84,47927.32,44074299.79,BTC
2017-01-22,918.84,927.98,910.85,921.46,32744.43,30261054.5,BTC
2017-01-23,921.46,925.61,889.15,893.75,58874.32,53468911.31,BTC
2017-01-24,893.75,905.7,883.63,894.41,37902.18,34014866.15,BTC
2017-01-25,894.41,919.32,893.49,915.56,33800.2,30795685.98,BTC
2017-01-26,915.56,922.56,907.92,918.01,30968.49,28503144.41,BTC
2017-01-27,918.01,921.89,912.84,918.51,14307.36,13251844.02,BTC
2017-01-28,918.51,922.4,912.68,914.55,11052.31,10214368.33,BTC
2017-01-29,914.55,922.35,911.51,920.73,19062.15,17604172.47,BTC
2017-01-30,920.73,967.45,917.38,965.49,54670.21,51869216.53,BTC
2017-01-31,965.49,986.57,959.82,982.43,45223.3,44035816.37,BTC
2017-02-01,982.43,1009.13,973.5,1003.97,50863.87,50633910.56,BTC
2017-02-02,1003.97,1023.72,989.21,1013.02,61671.88,62431017.97,BTC
2017-02-03,1013.02,1041.04,1000.41,1031.85,39461.62,40406542.54,BTC
2017-02-04,1031.85,1033.66,1004.05,1016.11,31058.49,31669956.98,BTC
2017-02-05,1016.11,1030.6,1010.83,1024.67,32019.82,32828350.27,BTC
2017-02-06,1024.67,1054.1,1019.87,1049.56,39553.25,41318349.43,BTC
2017-02-07,1049.56,1069.23,1020.33,1055.49,65145.12,68336320.22,BTC
2017-02-08,1055.49,1073.03,924.65,978.96,146746.26,145839317.48,BTC
2017-02-09,978.96,1005.6,947.02,997.61,62132.99,60639111.4,BTC
2017-02-10,997.61,1014.32,983.93,1008.32,28319.39,28504495.1,BTC
2017-02-11,1008.32,1007.82,992.45,996.52,14750.39,14825023.07,BTC
2017-02-12,996.52,1007.61,975.1,995.36,32908.63,32785064.4,BTC
2017-02-13,995.36,1013.8,986.46,1008.34,39537.9,39810076.3,BTC
2017-02-14,1008.34,1010.93,999.73,1008.19,23359.15,23569549.45,BTC
2017-02-15,1008.19,1040.28,1007.39,1031.93,38080.21,39114743.32,BTC
2017-02-16,1031.93,1057.39,1025.87,1049.41,45711.79,47815360.54,BTC
2017-02-17,1049.41,1063.21,1044.68,1052.28,25362.02,26856521.18,BTC
2017-02-18,1052.28,1056.48,1037.67,1048.89,17953.15,18876881.86,BTC
2017-02-19,1048.89,1081.78,1040.99,1077.56,31010.85,32959720.15,BTC
2017-02-20,1077.56,1123.03,1073.54,1119.03,57048.87,62908569.43,BTC
2017-02-21,1119.03,1132.25,1094.83,1120.46,47913.31,53647453.34,BTC
2017-02-22,1120.46,1181.6,1113.54,1171.91,65737.1,75663167.44,BTC
2017-02-23,1171.91,1211.74,1092.41,1176.49,108170.88,126978010.75,BTC
2017-02-24,1176.49,1180.01,1116.21,1149.05,45860.52,53003830.46,BTC
2017-02-25,1149.05,1177.47,1130.61,1171.58,30764.77,35750258.05,BTC
2017-02-26,1171.58,1195.82,1164.27,1188.83,35468.84,42035366.64,BTC
2017-02-27,1188.83,1208.22,1175.75,1189.27,50579.83,60371869.57,BTC
2017-02-28,1189.27,1225.04,1154.55,1222.66,51153.83,61964760.57,BTC
2017-03-01,1222.66,1286.98,1211.96,1255.47,78492.01,98040639.32,BTC
2017-03-02,1255.47,1291.35,1250.8,1283.3,67275.49,85876262.86,BTC
2017-03-03,1283.3,1285.78,1228.73,1264.32,38418.2,48597934.9,BTC
2017-03-04,1264.32,1273.28,1242.1,1271.22,25430.23,32104972.38,BTC
2017-03-05,1271.22,1280.61,1261.0,1277.01,31026.9,39591110.81,BTC
2017-03-06,1277.01,1280.89,1148.66,1232.69,87722.01,108673876.49,BTC
2017-03-07,1232.69,1242.04,1136.88,1146.97,97875.25,116342973.91,BTC
2017-03-08,1146.97,1206.97,1129.35,1191.33,59860.55,70427061.57,BTC
2017-03-09,1191.33,1330.42,988.69,1112.39,190472.52,223836041.81,BTC
2017-03-10,1112.39,1202.69,1104.78,1179.22,70747.22,82387198.06,BTC
2017-03-11,1179.22,1235.46,1160.9,1225.11,44412.09,53441762.07,BTC
2017-03-12,1225.11,1245.63,1205.61,1238.19,60460.94,74376298.14,BTC
2017-03-13,1238.19,1255.52,1218.38,1243.14,45142.05,56058617.23,BTC
2017-03-14,1243.14,1256.95,1236.43,1253.43,43592.4,54486699.63,BTC
2017-03-15,1253.43,1260.24,1118.96,1172.88,132773.3,159409024.53,BTC
2017-03-16,1172.88,1174.9,1063.48,1071.71,163739.0,183879768.71,BTC
2017-03-17,1071.71,1103.61,940.18,971.38,210424.36,212772055.65,BTC
2017-03-18,971.38,1063.67,967.31,1022.6,106444.72,108128237.76,BTC
2017-03-19,1022.6,1057.5,1005.05,1047.51,61431.4,63833143.48,BTC
2017-03-20,1047.51,1125.53,1043.87,1121.29,92591.27,101051998.73,BTC
2017-03-21,1121.29,1121.88,997.78,1044.72,115286.08,120730492.05,BTC
2017-03-22,1044.72,1062.79,1022.02,1035.03,56517.89,58898141.13,BTC
2017-03-23,1035.03,1038.38,927.35,939.7,132599.72,130042865.54,BTC
2017-03-24,939.7,995.96,890.43,966.3,127044.59,118395054.45,BTC
2017-03-25,966.3,1004.32,946.65,969.44,85332.41,83255983.42,BTC
2017-03-26,969.44,1048.85,961.8,1045.14,91256.43,92332221.14,BTC
2017-03-27,1045.14,1068.41,1015.45,1044.42,80000.9,83567551.46,BTC
2017-03-28,1044.42,1058.66,1008.34,1041.9,68852.51,71261535.48,BTC
2017-03-29,1041.9,1052.66,1020.93,1037.91,74984.88,77633883.53,BTC
2017-03-30,1037.91,1088.2,1035.18,1079.11,90987.94,96543920.02,BTC
2017-03-31,1079.11,1103.74,1067.47,1086.12,50658.36,55020078.21,BTC
2017-04-01,1086.12,1109.48,1074.21,1097.4,70980.71,77853933.84,BTC
2017-04-02,1097.4,1157.87,1095.55,1147.56,98499.3,111870807.42,BTC
2017-04-03,1147.56,1161.19,1122.15,1141.77,70998.95,81164094.44,BTC
2017-04-04,1141.77,1143.84,1110.06,1129.87,69469.37,78335573.66,BTC
2017-04-05,1129.87,1201.55,1130.51,1188.7,92357.58,108182158.18,BTC
2017-04-06,1188.7,1201.23,1173.18,1190.49,59746.57,71184485.98,BTC
2017-04-07,1190.49,1198.22,1166.65,1180.78,33180.63,39393003.33,BTC
2017-04-08,1180.78,1215.1,1173.99,1204.34,45351.08,54498333.26,BTC
2017-04-09,1204.34,1214.87,1194.81,1206.71,40013.05,48473680.7,BTC
2017-04-10,1206.71,1229.57,1195.76,1220.74,37394.78,45563707.07,BTC
2017-04-11,1220.74,1225.46,1207.36,1212.53,44783.23,54699396.14,BTC
2017-04-12,1212.53,1218.66,1150.29,1176.2,66051.93,78456422.62,BTC
2017-04-13,1176.2,1195.4,1162.16,1177.33,47217.49,56129576.67,BTC
2017-04-14,1177.33,1194.85,841.53,1176.99,28384.58,33877537.21,BTC
2017-04-15,1176.99,1187.97,1166.74,1176.8,18930.29,22538918.55,BTC
2017-04-16,1176.8,1202.97,1172.81,1194.01,46483.54,56095607.39,BTC
2017-04-17,1194.01,1213.88,1191.14,1206.09,52747.52,64900219.25,BTC
2017-04-18,1206.09,1218.21,1194.08,1215.2,43347.15,53034357.1,BTC
2017-04-19,1215.2,1246.64,1210.67,1238.09,55194.86,69223360.98,BTC
2017-04-20,1238.09,1256.97,1235.56,1249.64,41344.02,52498296.85,BTC
2017-04-21,1249.64,1256.97,1215.78,1240.89,43814.59,55776932.72,BTC
2017-04-22,1240.89,1256.23,1223.06,1249.14,42608.01,54224355.75,BTC
2017-04-23,1249.14,1256.36,1234.86,1248.18,38542.24,49281629.32,BTC
2017-04-24,1248.18,1272.62,1244.21,1264.31,43885.78,56659016.28,BTC
2017-04-25,1264.31,1309.2,1263.0,1286.63,58908.66,77649710.39,BTC
2017-04-26,1286.63,1346.79,1285.3,1332.91,61771.48,83319636.4,BTC
2017-04-27,1332.91,1356.15,1287.62,1329.62,77569.41,104536476.71,BTC
2017-04-28,1329.62,1343.69,1314.15,1336.28,40969.34,55982468.15,BTC
2017-04-29,1336.28,1358.94,1309.66,1351.91,40643.04,55470285.83,BTC
2017-04-30,1351.91,1448.68,1342.78,1415.81,100438.27,144414038.52,BTC
2017-05-01,1415.81,1471.14,1394.83,1445.93,70004.82,103342244.97,BTC
2017-05-02,1445.93,1496.39,1424.05,1485.55,81717.36,122551707.4,BTC
2017-05-03,1485.55,1609.84,1437.11,1516.76,136711.3,213084949.56,BTC
2017-05-04,1516.76,1588.11,1485.01,1507.77,120379.24,188015771.96,BTC
2017-05-05,1507.77,1560.42,1503.93,1545.29,59602.01,92747185.54,BTC
2017-05-06,1545.29,1572.89,1495.18,1554.45,71355.58,111708072.42,BTC
2017-05-07,1554.45,1667.67,1552.86,1664.47,107226.89,174687869.23,BTC
2017-05-08,1664.47,1757.39,1619.97,1697.5,127228.68,219169486.19,BTC
2017-05-09,1697.5,1766.18,1664.99,1752.31,89679.81,156203600.07,BTC
2017-05-10,1752.31,1864.76,1741.54,1819.29,109009.0,198829123.41,BTC
2017-05-11,1819.29,1822.51,1641.18,1686.39,109341.25,192159873.95,BTC
2017-05-12,1686.39,1770.5,1594.59,1763.74,75467.87,128390095.83,BTC
2017-05-13,1763.74,1802.75,1736.13,1772.55,40635.4,72874378.57,BTC
2017-05-14,1772.55,1776.65,1656.81,1708.92,80241.72,138499150.92,BTC
2017-05-15,1708.92,1752.55,1653.72,1729.34,75541.37,130379207.17,BTC
2017-05-16,1729.34,1842.83,1703.97,1801.3,94618.69,170954154.68,BTC
2017-05-17,1801.3,1980.49,1791.12,1880.99,73095.54,135901905.39,BTC
2017-05-18,1880.99,1969.7,1875.28,1962.0,98759.13,191523926.23,BTC
2017-05-19,1962.0,2048.45,1944.4,2040.18,89862.03,179346919.05,BTC
2017-05-20,2040.18,2094.94,1980.07,2044.19,78775.32,161036810.13,BTC
2017-05-21,2044.19,2264.76,1998.61,2124.41,174376.65,373482496.01,BTC
2017-05-22,2124.41,2286.3,2110.78,2272.58,114179.23,251969081.94,BTC
2017-05-23,2272.58,2496.98,2263.29,2445.28,149254.84,353734030.88,BTC
2017-05-24,2445.28,2781.76,2210.48,2307.22,248438.97,622139030.97,BTC
2017-05-25,2306.96,2616.52,2051.45,2244.89,191494.03,441342711.51,BTC
2017-05-26,2244.89,2322.37,1868.56,2052.43,222952.91,446034004.02,BTC
2017-05-27,2052.43,2300.52,2051.07,2189.02,125004.39,266766116.87,BTC
2017-05-28,2189.02,2337.35,2117.34,2278.21,92235.69,204101576.11,BTC
2017-05-29,2278.21,2329.26,2147.1,2192.55,120964.11,270069146.9,BTC
2017-05-30,2192.55,2330.62,2168.37,2303.34,117749.1,261223035.96,BTC
2017-05-31,2303.34,2460.84,2303.34,2412.65,122696.44,290070431.91,BTC
2017-06-01,2412.65,2493.97,2385.59,2492.6,83028.45,199765372.83,BTC
2017-06-02,2492.6,2582.77,2449.95,2545.43,70956.49,177168595.51,BTC
2017-06-03,2545.43,2559.79,2478.18,2524.06,59478.96,149060810.38,BTC
2017-06-04,2524.06,2705.38,2523.92,2704.96,86686.38,225611887.49,BTC
2017-06-05,2704.96,2931.24,2699.68,2870.5,192228.25,538772473.78,BTC
2017-06-06,2870.5,2880.95,2626.56,2691.51,122676.04,340329903.73,BTC
2017-06-07,2691.51,2808.41,2623.61,2798.78,95420.44,260898606.12,BTC
2017-06-08,2798.78,2852.07,2786.07,2811.43,67044.96,189237110.88,BTC
2017-06-09,2811.43,2914.19,2807.36,2900.25,86516.58,246869682.08,BTC
2017-06-10,2900.25,2977.86,2867.25,2973.45,83026.07,241516660.76,BTC
2017-06-11,2973.45,2985.06,2483.63,2656.77,217963.32,585158909.87,BTC
2017-06-12,2656.77,2784.77,2647.44,2712.99,116738.08,314476276.72,BTC
2017-06-13,2712.99,2803.72,2348.99,2467.27,174189.24,448294279.42,BTC
2017-06-14,2467.27,2521.6,2125.56,2442.46,262787.33,606264366.01,BTC
2017-06-15,2442.46,2536.42,2335.28,2508.58,117206.43,286630757.58,BTC
2017-06-16,2508.58,2690.71,2454.81,2655.1,95948.29,246698591.9,BTC
2017-06-17,2655.1,2676.04,2488.59,2539.56,92004.22,235239296.33,BTC
2017-06-18,2539.56,2617.75,2518.78,2616.82,81829.22,210372750.85,BTC
2017-06-19,2616.82,2800.48,2613.98,2754.38,111303.55,300034010.58,BTC
2017-06-20,2754.38,2804.41,2624.35,2677.62,116033.61,313234721.45,BTC
2017-06-21,2677.62,2757.32,2623.17,2722.84,78297.6,210318780.96,BTC
2017-06-22,2722.84,2759.66,2699.48,2710.37,56938.1,155303414.19,BTC
2017-06-23,2710.37,2741.56,2540.35,2590.05,86964.18,228007287.01,BTC
2017-06-24,2590.05,2660.66,2472.37,2541.62,86972.43,220679135.83,BTC
2017-06-25,2541.62,2584.75,2327.26,2446.05,165825.86,401912134.89,BTC
2017-06-26,2446.05,2496.72,2316.48,2355.06,88824.69,211389538.63,BTC
