DateTime,Open,High,Low,Close,Volume,VolumeBTC,Symbol,RSI_14,SMA_14,EMA_14,RSI_30,SMA_30,EMA_30,RSI_60,SMA_60,EMA_60
2016-07-23,3.29e-06,4.09e-06,3e-06,3.59e-06,27809983.08,95.75,XLM,51.42018415207809,3.3442857142857436e-06,3.5397322961994157e-06,51.157414637560706,3.2153333333333007e-06,3.2602606688771107e-06,50.04765320640992,2.902833333333346e-06,3.22434776095464e-06
2016-07-24,3.59e-06,3.67e-06,3.17e-06,3.32e-06,16167500.81,55.45,XLM,50.21975564274329,3.3857142857143153e-06,3.51043465670616e-06,50.289946303099654,3.239333333333301e-06,3.264114819272136e-06,49.48621022714528,2.904666666666679e-06,3.2274838999397337e-06
2016-07-25,3.32e-06,3.37e-06,2.91e-06,2.95e-06,9047315.23,28.88,XLM,48.555417562602926,3.3878571428571723e-06,3.4357100358120057e-06,49.11071314603578,3.2283333333333013e-06,3.2438493470610306e-06,48.72467942763778,2.9063333333333457e-06,3.2183860671548244e-06
2016-07-26,2.95e-06,3.13e-06,2.52e-06,2.96e-06,4228974.98,12.55,XLM,48.60474079323513,3.363571428571458e-06,3.3722820310370717e-06,49.14401736668563,3.1603333333333013e-06,3.225536485960319e-06,48.74635172354398,2.9116666666666797e-06,3.2099143928218795e-06
2016-07-27,2.96e-06,3.1e-06,2.75e-06,2.99e-06,2313931.3,6.89,XLM,48.76264113913782,3.3642857142857438e-06,3.321311093565462e-06,49.24698398736598,3.1383333333333013e-06,3.2103405836402984e-06,48.81233922127616,2.9155000000000126e-06,3.2027040848605065e-06
2016-07-28,2.99e-06,3.12e-06,2.96e-06,3.06e-06,1151488.72,3.51,XLM,49.15317961731619,3.3700000000000296e-06,3.2864696144234003e-06,49.493541675593455,3.1356666666666347e-06,3.200641191147376e-06,48.96819867298725,2.9220000000000124e-06,3.198025262406064e-06
2016-07-29,3.06e-06,3.12e-06,2.91e-06,2.94e-06,860050.62,2.57,XLM,48.474543064481196,3.3642857142857438e-06,3.2402736658336136e-06,49.07125487856691,3.1249999999999675e-06,3.1838256304281903e-06,48.7097078221183,2.9275000000000126e-06,3.1895654177370124e-06
2016-07-30,2.94e-06,3.15e-06,2.81e-06,3.1e-06,3209703.78,9.81,XLM,49.47115697677376,3.3857142857143153e-06,3.2215705103891318e-06,49.66298759594642,3.1243333333333007e-06,3.178417525239275e-06,49.07411502579253,2.9341666666666787e-06,3.1866288466636676e-06
2016-07-31,3.1e-06,3.22e-06,3.02e-06,3.1e-06,2157251.96,6.8,XLM,49.471156976773756,3.400714285714315e-06,3.2053611090039142e-06,49.662987595946426,3.1276666666666337e-06,3.1733583300625473e-06,49.07411502579253,2.9395000000000123e-06,3.183788556609121e-06
2016-08-01,3.1e-06,3.33e-06,2.9e-06,3e-06,4772596.17,14.68,XLM,48.79401749740663,3.437857142857172e-06,3.1779796278033923e-06,49.280865781106904,3.1276666666666337e-06,3.162173921671415e-06,48.84990620151433,2.9441666666666786e-06,3.177762702294068e-06
2016-08-02,3e-06,3.33e-06,2.91e-06,3.18e-06,5333580.88,16.93,XLM,50.110960382039806,3.465000000000029e-06,3.17824901076294e-06,49.996485767522614,3.1346666666666342e-06,3.1633239912410014e-06,49.27401937847626,2.9546666666666787e-06,3.1778360563172136e-06
2016-08-03,3.18e-06,3.3e-06,3.01e-06,3.17e-06,3540658.39,11.32,XLM,50.034364513845524,3.4907142857143147e-06,3.1771491426612145e-06,49.95602199113093,3.1479999999999676e-06,3.1637547014835173e-06,49.25095424031338,2.962666666666679e-06,3.177579136437961e-06
2016-08-04,3.17e-06,3.3e-06,3.11e-06,3.3e-06,6780204.24,22.14,XLM,51.07596567392187,3.139285714285743e-06,3.1935292569730526e-06,50.49425009133491,3.1679999999999674e-06,3.172544720742645e-06,49.562993550886326,2.9773333333333455e-06,3.181592935243274e-06
2016-08-05,3.3e-06,3.4e-06,3.18e-06,3.22e-06,5125446.32,17.25,XLM,50.38345284278816,3.1342857142857434e-06,3.1970586893766457e-06,50.15125851587246,3.1803333333333007e-06,3.1756063516624746e-06,49.37306217604503,2.9868333333333456e-06,3.1828521832680846e-06
2016-08-06,3.22e-06,3.34e-06,3.11e-06,3.18e-06,931624.86,2.99,XLM,50.020132841838866,3.105000000000029e-06,3.19478419745976e-06,49.975865500767355,3.1939999999999672e-06,3.1758898128455407e-06,49.27707070335967,2.996166666666679e-06,3.1827586690625734e-06
2016-08-07,3.18e-06,3.23e-06,3.08e-06,3.18e-06,834042.15,2.63,XLM,50.02013284183886,3.0950000000000292e-06,3.192812971131792e-06,49.975865500767355,3.208666666666634e-06,3.1761549862103447e-06,49.27707070335966,3.0043333333333463e-06,3.1826682208965873e-06
2016-08-08,3.18e-06,3.23e-06,3.1e-06,3.22e-06,1815148.97,5.85,XLM,50.43047166912912,3.1142857142857436e-06,3.1964379083142195e-06,50.16197654524396,3.222999999999967e-06,3.1789836967774192e-06,49.3787967634188,3.0103333333333463e-06,3.183892213654076e-06
2016-08-09,3.22e-06,3.23e-06,3.11e-06,3.14e-06,231261.76,0.7283,XLM,49.55858579922201,3.1271428571428864e-06,3.1889128538723237e-06,49.779230093543546,3.2363333333333e-06,3.1764686195659728e-06,49.17825280952077,3.0176666666666792e-06,3.1824531246818114e-06
2016-08-10,3.14e-06,3.32e-06,2.24e-06,3.29e-06,743546.38,2.19,XLM,51.2517163050262,3.1485714285714575e-06,3.2023911400226807e-06,50.51085452321373,3.2486666666666335e-06,3.183793224755265e-06,49.56868821339136,3.0323333333333463e-06,3.185979251741424e-06
2016-08-11,3.29e-06,3.4e-06,3.08e-06,3.26e-06,1356126.34,4.36,XLM,50.88570692814572,3.1628571428571715e-06,3.21007232135299e-06,50.35923525598178,3.2473333333333e-06,3.1887097909000866e-06,49.491377848101315,3.049333333333346e-06,3.188406161520394e-06
2016-08-12,3.26e-06,3.57e-06,3.14e-06,3.57e-06,5581965.9,18.86,XLM,54.484422462478896,3.2078571428571715e-06,3.2580626785059244e-06,51.90089162564322,3.2669999999999668e-06,3.213309159229113e-06,50.3056255680125,3.0661666666666793e-06,3.2009174349131676e-06
2016-08-13,3.57e-06,3.78e-06,3.43e-06,3.46e-06,757964.66,2.73,XLM,53.00778628814971,3.233571428571457e-06,3.2849876547051344e-06,51.316535132677366,3.2829999999999667e-06,3.229224697343364e-06,50.01475568424083,3.0838333333333457e-06,3.2094119452438834e-06
2016-08-14,3.46e-06,3.68e-06,3.45e-06,3.56e-06,4648585.4,16.44,XLM,54.216384034295416,3.2664285714285997e-06,3.3216559674111163e-06,51.82605720437635,3.3009999999999668e-06,3.2505650394502435e-06,50.28045792862702,3.1080000000000124e-06,3.220906635563756e-06
2016-08-15,3.56e-06,3.56e-06,3.44e-06,3.55e-06,1239915.45,4.41,XLM,54.06739491808325,3.305714285714314e-06,3.3521018384229673e-06,51.77006846358377,3.325999999999967e-06,3.269883424001841e-06,50.253300004267366,3.132166666666679e-06,3.2316965819387146e-06
2016-08-16,3.55e-06,3.6e-06,3.42e-06,3.55e-06,1095940.51,3.9,XLM,54.06739491808325,3.3321428571428853e-06,3.3784882599665715e-06,51.77006846358377,3.3479999999999674e-06,3.2879554611630126e-06,50.253300004267366,3.153000000000013e-06,3.2421327595800683e-06
2016-08-17,3.55e-06,3.56e-06,3.44e-06,3.53e-06,1963933.29,6.95,XLM,53.728406858780026,3.3578571428571713e-06,3.398689825304362e-06,51.65090548685758,3.382999999999967e-06,3.303571237862173e-06,50.197251445076915,3.174666666666679e-06,3.251571029757771e-06
2016-08-18,3.53e-06,3.54e-06,3.19e-06,3.41e-06,1847642.54,6.11,XLM,51.64676250727282,3.3657142857143146e-06,3.4001978485971136e-06,50.92416688939402,3.4033333333333005e-06,3.3104376096130003e-06,49.85804433929278,3.192833333333346e-06,3.2567654222247293e-06
2016-08-19,3.41e-06,3.42e-06,3.18e-06,3.32e-06,1608398.46,5.25,XLM,50.08737055335302,3.3728571428571716e-06,3.3895048021174985e-06,50.37485900452053,3.4203333333333005e-06,3.311054538025065e-06,49.60246361377818,3.2053333333333457e-06,3.25883868706982e-06
2016-08-20,3.32e-06,3.41e-06,3.28e-06,3.31e-06,1500238.05,5.04,XLM,49.90797863230027,3.382142857142886e-06,3.3789041618351653e-06,50.31254780090286,3.2566666666666337e-06,3.3109865033137706e-06,49.57375707916354,3.2138333333333457e-06,3.2605161071658914e-06
2016-08-21,3.31e-06,3.33e-06,3.26e-06,3.26e-06,89916.98,0.2948,XLM,48.968419830850905,3.387857142857172e-06,3.363050273590477e-06,49.993046710436204,3.255666666666634e-06,3.307697051487076e-06,49.42834443396946,3.2235000000000124e-06,3.260499185619469e-06
2016-08-22,3.26e-06,3.34e-06,3.25e-06,3.31e-06,145533.39,0.475,XLM,49.97740190993084,3.394285714285743e-06,3.3559769037784134e-06,50.31905326867131,3.2463333333333005e-06,3.30784562881049e-06,49.57870809597305,3.2308333333333453e-06,3.262122163140142e-06
2016-08-23,3.31e-06,3.31e-06,3.23e-06,3.23e-06,181273.15,0.5872,XLM,48.33898227125677,3.4007142857143147e-06,3.339179983274625e-06,49.78247528429877,3.2433333333333003e-06,3.302823330177555e-06,49.340073130054876,3.2413333333333455e-06,3.261068977463416e-06
2016-08-24,3.23e-06,3.28e-06,3.14e-06,3.2e-06,705072.26,2.26,XLM,47.71054727951035,3.394285714285743e-06,3.3206226521713417e-06,49.57761502130881,3.2516666666666333e-06,3.2961895669402933e-06,49.24969730170109,3.2400000000000118e-06,3.2590667159072383e-06
2016-08-25,3.2e-06,3.36e-06,3.22e-06,3.22e-06,762224.02,2.5,XLM,48.19164645370947,3.3914285714286006e-06,3.3072062985484962e-06,49.720150961332926,3.2603333333333e-06,3.2912741110086617e-06,49.31262467891715,3.2103333333333453e-06,3.2577858399758535e-06
2016-08-26,3.22e-06,3.35e-06,3.25e-06,3.34e-06,69690.71,0.2309,XLM,51.0848461614187,3.3750000000000287e-06,3.3115787920753634e-06,50.586196979843365,3.2719999999999667e-06,3.2944177167500384e-06,49.69312773195704,3.2051666666666787e-06,3.2604813862061534e-06
2016-08-27,3.34e-06,3.36e-06,3.08e-06,3.14e-06,2991193.35,9.52,XLM,46.45251279006352,3.352142857142886e-06,3.2887016197986483e-06,49.12881797624381,3.2746666666666333e-06,3.284455283411326e-06,49.068972463980245,3.2051666666666787e-06,3.256531176822345e-06
2016-08-28,3.14e-06,3.34e-06,3.12e-06,3.16e-06,1029354.43,3.36,XLM,46.96775443359787,3.3235714285714575e-06,3.2715414038254953e-06,49.27981269771797,3.281999999999967e-06,3.2764259102880148e-06,49.13392604668423,3.2035000000000118e-06,3.253366220205219e-06
2016-08-29,3.16e-06,3.29e-06,3.1e-06,3.25e-06,744790.35,2.33,XLM,49.318973013557276,3.302142857142886e-06,3.2686692166487627e-06,49.970323667849286,3.2869999999999674e-06,3.274721012850078e-06,49.42898813680499,3.205666666666678e-06,3.253255852329638e-06
2016-08-30,3.25e-06,3.34e-06,3.13e-06,3.26e-06,399091.8,1.29,XLM,49.585065681310475,3.2814285714286004e-06,3.2675133210955944e-06,50.048403170753005,3.292333333333301e-06,3.273771270085557e-06,49.462104178990046,3.2100000000000116e-06,3.2534769719253876e-06
2016-08-31,3.26e-06,3.33e-06,3.08e-06,3.18e-06,1452861.93,4.66,XLM,47.44969094932291,3.2564285714286e-06,3.2558448782828486e-06,49.41092871120109,3.298333333333301e-06,3.2677215107251987e-06,49.200062118061176,3.213000000000012e-06,3.2510678908786534e-06
2016-09-01,3.18e-06,3.34e-06,3.18e-06,3.23e-06,225449.13,0.7331,XLM,48.92266361816819,3.243571428571457e-06,3.2523988945118023e-06,49.823683194343936,3.299999999999967e-06,3.26528786487196e-06,49.37049786073313,3.2173333333333454e-06,3.250377140358042e-06
2016-09-02,3.23e-06,3.35e-06,3.18e-06,3.19e-06,406333.39,1.35,XLM,47.77484849404576,3.234285714285743e-06,3.2440790419102285e-06,49.48988654215626,3.300666666666634e-06,3.2604305832673175e-06,49.236144015326325,3.224333333333345e-06,3.2483975619856474e-06
2016-09-03,3.19e-06,3.29e-06,3.09e-06,3.15e-06,451667.93,1.44,XLM,46.60334875390819,3.2228571428571714e-06,3.2315351696555314e-06,49.1496297238497,3.295666666666634e-06,3.253306029508136e-06,49.10029849820518,3.231833333333345e-06,3.2451714124123474e-06
2016-09-04,3.15e-06,3.2e-06,3.03e-06,3.19e-06,537916.23,1.7,XLM,47.97031348868843,3.217857142857172e-06,3.225997147034794e-06,49.50834545263018,3.294666666666634e-06,3.249221769539869e-06,49.24267508843844,3.2375000000000118e-06,3.2433625136447293e-06
2016-09-05,3.19e-06,3.19e-06,3.04e-06,3.08e-06,217781.85,0.6877,XLM,44.60574045582453,3.2014285714286e-06,3.2065308607634882e-06,48.53540098025795,3.2913333333333005e-06,3.238304236021168e-06,48.86056097413144,3.2426666666666783e-06,3.2380063656563775e-06
2016-09-06,3.08e-06,3.2e-06,3.02e-06,3.16e-06,559593.56,1.74,XLM,47.47634186845602,3.1964285714286e-06,3.200326745995023e-06,49.28441308972206,3.290666666666634e-06,3.233252349826254e-06,49.15230274724674,3.2496666666666784e-06,3.235448779897152e-06
2016-09-07,3.16e-06,3.21e-06,3.03e-06,3.04e-06,289053.4,0.8953,XLM,43.82630328765139,3.1850000000000284e-06,3.1789498465290203e-06,48.19715328745985,3.284666666666634e-06,3.2207844562890763e-06,48.728372496010074,3.2538333333333454e-06,3.2290406231792127e-06
2016-09-08,3.04e-06,3.27e-06,3.03e-06,3.26e-06,3633780.07,11.47,XLM,51.19645214543018,3.1878571428571713e-06,3.1897565336584844e-06,50.275307274049126,3.2886666666666344e-06,3.2233144913672005e-06,49.5395606251851,3.262500000000012e-06,3.2300556847143206e-06
2016-09-09,3.26e-06,3.45e-06,3.11e-06,3.22e-06,9361451.96,31.2,XLM,49.920533435992404,3.1792857142857426e-06,3.1937889958373533e-06,49.899214011797696,3.286333333333301e-06,3.223100653214478e-06,49.395101738783524,3.267500000000012e-06,3.229725990133523e-06
2016-09-10,3.22e-06,3.33e-06,3.16e-06,3.22e-06,3448440.44,11.07,XLM,49.92053343599241,3.1850000000000284e-06,3.1972837963923727e-06,49.899214011797696,3.2849999999999673e-06,3.2229006110716085e-06,49.39510173878352,3.266166666666679e-06,3.2294071052111126e-06
2016-09-11,3.22e-06,3.29e-06,3.08e-06,3.26e-06,786320.3,2.51,XLM,51.31342968453352,3.192142857142886e-06,3.2056459568733898e-06,50.296232749854234,3.2746666666666346e-06,3.2252941200347306e-06,49.54716868496731,3.2708333333333454e-06,3.2304101509418958e-06
2016-09-12,3.26e-06,3.29e-06,3.13e-06,3.2e-06,722651.48,2.32,XLM,49.11783208631259,3.188571428571457e-06,3.2048931626236043e-06,49.68594907390713,3.2659999999999675e-06,3.2236622413228126e-06,49.32114950128995,3.274500000000012e-06,3.229413096812653e-06
2016-09-13,3.2e-06,3.2e-06,3.16e-06,3.2e-06,735052.58,2.35,XLM,49.11783208631258,3.1842857142857425e-06,3.204240740940457e-06,49.685949073907125,3.2539999999999675e-06,3.2221356451084376e-06,49.32114950128995,3.277500000000012e-06,3.22844873298273e-06
2016-09-14,3.2e-06,4.13e-06,3.12e-06,3.93e-06,14654931.9,53.68,XLM,68.15112295977731,3.237857142857171e-06,3.301008642148396e-06,56.5371538300311,3.266666666666634e-06,3.2678043131659576e-06,52.07066781426751,3.2963333333333454e-06,3.2514504138685422e-06
2016-09-15,3.93e-06,3.96e-06,3.26e-06,3.5e-06,2426011.22,8.8,XLM,55.134931308962265,3.257142857142885e-06,3.3275408231952765e-06,52.209861473574776,3.2649999999999675e-06,3.2827846800584767e-06,50.43211215473392,3.3065000000000123e-06,3.2595995806269508e-06
2016-09-16,3.5e-06,3.62e-06,3.4e-06,3.61e-06,543100.95,1.95,XLM,57.36669092071865,3.287142857142885e-06,3.3652020467692397e-06,53.157594797017836,3.267666666666634e-06,3.3038953458611557e-06,50.834487567285414,3.325333333333346e-06,3.271088118967051e-06
2016-09-17,3.61e-06,3.55e-06,3.35e-06,3.35e-06,437431.82,1.49,XLM,50.948477248159236,3.301428571428599e-06,3.3631751072000076e-06,50.701798561895984,3.265666666666634e-06,3.306869839676565e-06,49.86183326722219,3.3345000000000127e-06,3.2736753937550165e-06
2016-09-18,3.35e-06,3.52e-06,3.31e-06,3.4e-06,867333.08,3.02,XLM,52.053748591682464,3.316428571428599e-06,3.368085092906673e-06,51.15026128277324,3.268333333333301e-06,3.3128782371167866e-06,50.0486957583711,3.344333333333346e-06,3.2778171841237044e-06
2016-09-19,3.4e-06,3.47e-06,3.23e-06,3.31e-06,825993.17,2.77,XLM,49.88589516988619,3.3328571428571707e-06,3.36034041385245e-06,50.29918369569532,3.268333333333301e-06,3.3126925443995744e-06,49.70965995307765,3.2625000000000124e-06,3.2788723584147306e-06
2016-09-20,3.31e-06,3.94e-06,3.21e-06,3.53e-06,3102153.25,10.46,XLM,54.81446309023849,3.3592857142857426e-06,3.3829616920054566e-06,52.30377532310236,3.2773333333333007e-06,3.326712380244763e-06,50.542277711089916,3.2665000000000123e-06,3.287106051581461e-06
2016-09-21,3.53e-06,3.89e-06,3.25e-06,3.54e-06,3447079.33,12.18,XLM,55.029853130432535,3.395000000000028e-06,3.4039001330713957e-06,52.39396195911133,3.2849999999999673e-06,3.3404728718418753e-06,50.58008878059242,3.265666666666679e-06,3.2953976564476423e-06
2016-09-22,3.54e-06,3.55e-06,3.32e-06,3.33e-06,810761.32,2.85,XLM,49.69944760949743,3.400000000000028e-06,3.3940467819952097e-06,50.32888963529164,3.2883333333333007e-06,3.3397972026907867e-06,49.767761871626504,3.265833333333346e-06,3.296532159514933e-06
2016-09-23,3.33e-06,4.36e-06,3.33e-06,3.67e-06,3845849.12,13.7,XLM,56.93553492975235,3.4321428571428848e-06,3.4308405443958485e-06,53.401623012021204,3.3039999999999674e-06,3.3611006089688003e-06,51.06148181945192,3.277833333333346e-06,3.3087770067439514e-06
2016-09-24,3.67e-06,4.74e-06,3.49e-06,4.03e-06,4790671.07,19.36,XLM,62.977564385594576,3.490000000000028e-06,3.5107284718097353e-06,56.35564110265974,3.3309999999999673e-06,3.404255408390168e-06,52.3816647771031,3.295666666666679e-06,3.3324236622605432e-06
2016-09-25,4.03e-06,4.81e-06,3.7e-06,4.1e-06,9332651.14,38.58,XLM,64.0289820568248,3.550000000000028e-06,3.5892980089017704e-06,56.90456184128208,3.3563333333333007e-06,3.4491421562359637e-06,52.63425804727354,3.314166666666679e-06,3.3575900995634764e-06
2016-09-26,4.1e-06,4.5e-06,3.78e-06,4.49e-06,4224614.94,17.66,XLM,69.24311833222684,3.642142857142885e-06,3.7093916077148676e-06,59.81433845413384,3.401333333333301e-06,3.516294275188482e-06,54.015915128238646,3.3380000000000128e-06,3.3947182930204114e-06
2016-09-27,4.49e-06,5.98e-06,4.01e-06,5.1e-06,21057778.31,104.91,XLM,75.2542776292454,3.777857142857171e-06,3.894806060019552e-06,63.76822026181734,3.4659999999999677e-06,3.618468838079548e-06,56.05434456056232,3.3740000000000125e-06,3.4506291686590865e-06
2016-09-28,5.1e-06,5.53e-06,4.12e-06,5.01e-06,13826311.53,72.56,XLM,72.99895601421888,3.855000000000028e-06,4.043498585350278e-06,62.82580195202899,3.5246666666666343e-06,3.7082450420744157e-06,55.68408144395205,3.405833333333346e-06,3.5017560811620674e-06
2016-09-29,5.01e-06,5.11e-06,4.61e-06,4.62e-06,4308321.25,20.74,XLM,64.08232361324201,3.935000000000028e-06,4.120365440636908e-06,58.92628327381597,3.569999999999967e-06,3.767067942585744e-06,54.10946389639576,3.4311666666666796e-06,3.5384198162059342e-06
2016-09-30,4.62e-06,5.09e-06,4.41e-06,4.62e-06,3802757.54,17.95,XLM,64.08232361324201,4.007142857142886e-06,4.18698338188532e-06,58.926283273815955,3.617999999999967e-06,3.822095817257632e-06,54.10946389639576,3.4581666666666795e-06,3.5738814615762316e-06
2016-10-01,4.62e-06,4.89e-06,4.37e-06,4.68e-06,3089225.58,14.26,XLM,64.8407901250486,4.102142857142886e-06,4.2527189309672775e-06,59.34085409996929,3.6663333333333007e-06,3.877444474208752e-06,54.314893242441656,3.4831666666666793e-06,3.6101476431638963e-06
2016-10-02,4.68e-06,4.78e-06,4.45e-06,4.49e-06,2276329.0,10.35,XLM,60.50577535324648,4.1800000000000294e-06,4.284356406838307e-06,57.443626758274945,3.7096666666666342e-06,3.916964185550122e-06,53.54323518358905,3.5051666666666792e-06,3.6389952614208177e-06
2016-10-03,4.49e-06,4.65e-06,4.26e-06,4.29e-06,2040417.44,9.03,XLM,56.26341105031355,4.25000000000003e-06,4.285108885926533e-06,55.513091106149695,3.7476666666666345e-06,3.941031012288824e-06,52.74135000332288,3.521666666666679e-06,3.6603396790791514e-06
2016-10-04,4.29e-06,4.62e-06,3.82e-06,3.88e-06,4342196.33,17.72,XLM,48.75500997449598,4.275000000000029e-06,4.231094367802995e-06,51.823668317790194,3.770666666666634e-06,3.937093527625029e-06,51.14494621153865,3.532666666666679e-06,3.667541656814261e-06
2016-10-05,3.88e-06,4.16e-06,3.68e-06,3.83e-06,1149875.41,4.44,XLM,47.919440596738546,4.295714285714315e-06,4.177615118762596e-06,51.39324514602587,3.795666666666634e-06,3.930184267778253e-06,50.95372670453825,3.543500000000012e-06,3.6728681598695312e-06
2016-10-06,3.83e-06,3.93e-06,3.7e-06,3.72e-06,318381.58,1.19,XLM,46.05880289756024,4.323571428571458e-06,4.1165997695942495e-06,50.44085896350113,3.8143333333333004e-06,3.91662399243772e-06,50.531165088070225,3.5525000000000117e-06,3.674413466103317e-06
2016-10-07,3.72e-06,3.84e-06,3.56e-06,3.56e-06,702474.63,2.59,XLM,43.43072817884511,4.315714285714316e-06,4.042386466981683e-06,49.07399223897366,3.831666666666634e-06,3.893615992925609e-06,49.91897591967879,3.558166666666678e-06,3.6706622049196016e-06
2016-10-08,3.56e-06,3.91e-06,3.63e-06,3.82e-06,584238.81,2.24,XLM,48.54270208344882,4.300714285714315e-06,4.0127349380507915e-06,51.29041172894113,3.850333333333301e-06,3.888866574027182e-06,50.90168477432919,3.5695000000000117e-06,3.6755585260697787e-06
2016-10-09,3.82e-06,4.21e-06,3.72e-06,3.96e-06,1403710.98,5.71,XLM,51.0924757405053,4.290714285714315e-06,4.005703612977353e-06,52.44208752235633,3.874999999999967e-06,3.893455827315751e-06,51.42349335947258,3.5806666666666783e-06,3.684884476034704e-06
2016-10-10,3.96e-06,4.84e-06,3.72e-06,4.09e-06,1742539.27,7.75,XLM,53.390263141480894,4.262142857142887e-06,4.016943131247039e-06,53.49708569283559,3.903999999999966e-06,3.906136096521186e-06,51.90602874966574,3.594500000000012e-06,3.6981669522302875e-06
2016-10-11,4.09e-06,4.4e-06,3.52e-06,4.25e-06,2377908.06,9.39,XLM,56.109485310301686,4.201428571428601e-06,4.048017380414101e-06,54.773063623174,3.936999999999967e-06,3.928320864487561e-06,52.496479800962035,3.605833333333345e-06,3.7162598390424092e-06
2016-10-12,4.25e-06,4.25e-06,4e-06,4.01e-06,828857.08,3.41,XLM,51.2995819613801,4.130000000000029e-06,4.0429483963588875e-06,52.53860050638886,3.963999999999967e-06,3.933590486133525e-06,51.53167956275466,3.615000000000012e-06,3.7258906639918386e-06
2016-10-13,4.01e-06,4.14e-06,3.71e-06,3.85e-06,1514180.37,6.0,XLM,48.339689802324735,4.07500000000003e-06,4.017221943511036e-06,51.102459315845834,3.985666666666634e-06,3.928197551544265e-06,50.89767484701628,3.6198333333333453e-06,3.7299598225494834e-06
2016-10-14,3.85e-06,3.97e-06,3.76e-06,3.79e-06,443900.29,1.71,XLM,47.24445460278731,4.015714285714316e-06,3.986925684376231e-06,50.5668400859097,3.980999999999967e-06,3.9192815804768935e-06,50.66004901602966,3.623833333333345e-06,3.731928352957697e-06
2016-10-15,3.79e-06,3.92e-06,3.72e-06,3.73e-06,694647.03,2.61,XLM,46.124756748304094,3.9478571428571725e-06,3.952668926459401e-06,50.025036083027274,3.988666666666633e-06,3.907069865607416e-06,50.420726593607995,3.626833333333345e-06,3.7318651282705596e-06
2016-10-16,3.73e-06,3.85e-06,3.5e-06,3.63e-06,1811413.56,6.57,XLM,44.251944097614775,3.886428571428601e-06,3.909646402931481e-06,49.11865250844487,3.9893333333333e-06,3.889194390406938e-06,50.020328813501116,3.628500000000012e-06,3.7285252879993937e-06
2016-10-17,3.63e-06,3.74e-06,3.58e-06,3.74e-06,640121.81,2.33,XLM,46.79786672432574,3.847142857142887e-06,3.887026882540616e-06,50.145398438692986,4.002333333333299e-06,3.879568945864554e-06,50.46028289713145,3.6340000000000117e-06,3.7289015080649873e-06
2016-10-18,3.74e-06,3.83e-06,3.58e-06,3.65e-06,1607920.36,5.89,XLM,44.99647958201236,3.830714285714316e-06,3.855423298201867e-06,49.3042378827262,4.010666666666633e-06,3.864758046131357e-06,50.09348770241231,3.639500000000012e-06,3.726314573374332e-06
2016-10-19,3.65e-06,4.29e-06,3.62e-06,4.29e-06,6843434.81,27.58,XLM,57.46973418705874,3.863571428571458e-06,3.913366858441619e-06,54.8673356102858,4.043333333333299e-06,3.892193010897076e-06,52.585232885837655,3.6558333333333455e-06,3.744796062771895e-06
2016-10-20,4.29e-06,4.28e-06,3.8e-06,3.9e-06,2659199.36,10.48,XLM,50.058136528866754,3.8764285714286015e-06,3.911584610649403e-06,51.32111164764113,4.055666666666633e-06,3.892696687613394e-06,51.007464108956434,3.6665000000000122e-06,3.749884716451505e-06
2016-10-21,3.9e-06,3.95e-06,3.56e-06,3.56e-06,1524110.07,5.58,XLM,44.676334541450586,3.8764285714286015e-06,3.8647066625628155e-06,48.497368363478834,4.056333333333299e-06,3.871232385186723e-06,49.68614489031888,3.670666666666679e-06,3.743658988043259e-06
2016-10-22,3.56e-06,4.09e-06,3.57e-06,3.65e-06,1281175.05,4.87,XLM,46.31332577332367,3.864285714285744e-06,3.83607910755444e-06,49.26098471946034,4.0669999999999655e-06,3.856959328077902e-06,50.034471523041404,3.6776666666666793e-06,3.7405882015500375e-06
2016-10-23,3.65e-06,3.9e-06,3.64e-06,3.8e-06,115721.73,0.4444,XLM,49.00766502952278,3.8528571428571725e-06,3.8312685598805145e-06,50.52434308151255,4.071333333333299e-06,3.853284532718038e-06,50.613809433792156,3.6876666666666796e-06,3.742536129368069e-06
2016-10-24,3.8e-06,3.88e-06,3.5e-06,3.53e-06,4211637.48,15.34,XLM,44.68289690133741,3.8128571428571725e-06,3.7910994185631124e-06,48.288008578334,4.054666666666631e-06,3.832427466091067e-06,49.56217947600405,3.6928333333333457e-06,3.73556773168387e-06
2016-10-25,3.53e-06,3.74e-06,3.39e-06,3.54e-06,2989645.07,10.49,XLM,44.87593344122546,3.7621428571428863e-06,3.7576194960880307e-06,48.37546041906349,4.035999999999965e-06,3.81356117795616e-06,49.60160935213612,3.696166666666679e-06,3.72915567490735e-06
2016-10-26,3.54e-06,3.57e-06,3.02e-06,3.02e-06,4063890.11,12.95,XLM,37.57123722267097,3.691428571428601e-06,3.65927022994296e-06,44.34575305107537,3.9869999999999645e-06,3.7623636826041496e-06,47.633002524592605,3.694166666666679e-06,3.7059046691726828e-06
2016-10-27,3.02e-06,3.28e-06,2.96e-06,2.96e-06,2404560.26,7.38,XLM,36.83009319670166,3.6278571428571726e-06,3.5660341992838987e-06,43.90964244924971,3.9156666666666315e-06,3.7105982837264624e-06,47.412262851940326,3.6908333333333464e-06,3.681448778380136e-06
2016-10-28,2.96e-06,3.05e-06,2.52e-06,2.54e-06,1915288.01,5.22,XLM,32.08342282169726,3.538571428571458e-06,3.429229639379379e-06,40.993566734367064,3.833333333333299e-06,3.635075813808626e-06,45.89853472027078,3.679000000000013e-06,3.6440242282693116e-06
2016-10-29,2.54e-06,3e-06,2.51e-06,2.93e-06,2392538.94,6.71,XLM,39.8021513492393,3.4814285714286006e-06,3.3626656874621286e-06,44.52837253364566,3.7769999999999653e-06,3.589587051627424e-06,47.481471779606764,3.673500000000013e-06,3.6206135978342523e-06
2016-10-30,2.93e-06,3.73e-06,2.5e-06,2.95e-06,6481483.35,21.1,XLM,40.17572482556627,3.4328571428571723e-06,3.3076435958005115e-06,44.703908638351514,3.7213333333332985e-06,3.5483233708772676e-06,47.56146425726206,3.6696666666666795e-06,3.5986262667577196e-06
2016-10-31,2.95e-06,3.08e-06,2.62e-06,2.66e-06,1537952.65,4.17,XLM,36.64294434873548,3.3557142857143147e-06,3.2212911163604434e-06,42.68027807190305,3.653999999999965e-06,3.4910121856593793e-06,46.516996932124144,3.66016666666668e-06,3.567851635060745e-06
2016-11-01,2.66e-06,2.85e-06,2.58e-06,2.76e-06,4426368.94,12.09,XLM,38.63649962301046,3.292142857142886e-06,3.159785634179051e-06,43.59015588401055,3.596333333333298e-06,3.443850109165226e-06,46.92560345305776,3.653000000000013e-06,3.5413646962062944e-06
2016-11-02,2.76e-06,2.93e-06,2.64e-06,2.9e-06,8525994.44,23.65,XLM,41.40220447910192,3.192857142857172e-06,3.125147549621844e-06,44.85647168276757,3.5499999999999647e-06,3.4087630053481147e-06,47.49653507003062,3.6488333333333462e-06,3.520336345511006e-06
2016-11-03,2.9e-06,2.9e-06,2.72e-06,2.75e-06,528378.25,1.52,XLM,39.365455823230775,3.110714285714315e-06,3.0751278763389317e-06,43.768659217639225,3.512333333333298e-06,3.3662621662933974e-06,46.94643280233072,3.6415000000000133e-06,3.4950794161499893e-06
2016-11-04,2.75e-06,2.87e-06,2.76e-06,2.8e-06,134438.42,0.3749,XLM,40.41237230425602,3.0564285714286004e-06,3.0384441594937408e-06,44.23447468291907,3.477999999999965e-06,3.3297291233067267e-06,47.15385353348064,3.636833333333346e-06,3.472289927095891e-06
2016-11-05,2.8e-06,2.84e-06,2.59e-06,2.73e-06,655244.73,1.8,XLM,39.392154465732204,2.9907142857143152e-06,2.997318271561242e-06,43.710643748644074,3.444999999999965e-06,3.2910369218030668e-06,46.89290711021348,3.6296666666666795e-06,3.4479525524370094e-06
2016-11-06,2.73e-06,2.88e-06,2.73e-06,2.86e-06,957053.65,2.71,XLM,42.29103544878696,2.9235714285714584e-06,2.9790091686864097e-06,44.96143017396993,3.4216666666666316e-06,3.263228088138353e-06,47.442063900197304,3.6266666666666797e-06,3.4286754195702223e-06
2016-11-07,2.86e-06,2.85e-06,2.73e-06,2.8e-06,1633141.51,4.64,XLM,41.31386904022618,2.871428571428601e-06,2.955141279528222e-06,44.48994602844475,3.3876666666666316e-06,3.2333424050326527e-06,47.212981492581925,3.619000000000013e-06,3.4080631107318545e-06
2016-11-08,2.8e-06,2.84e-06,2.59e-06,2.71e-06,535149.01,1.45,XLM,39.834639456917124,2.812142857142887e-06,2.9224557755911254e-06,43.7783749130867,3.345999999999965e-06,3.1995783789015136e-06,46.86785911147885,3.610500000000013e-06,3.385175795625892e-06
2016-11-09,2.71e-06,2.77e-06,2.51e-06,2.72e-06,2815757.39,7.69,XLM,40.0900034869081,2.7907142857143154e-06,2.8954616721789755e-06,43.88142799225337,3.3003333333332987e-06,3.1686378383272222e-06,46.911696696170075,3.6021666666666793e-06,3.3633667531463544e-06
2016-11-10,2.72e-06,2.76e-06,2.64e-06,2.68e-06,77196.31,0.2092,XLM,39.37378815294082,2.7707142857143156e-06,2.8667334492217788e-06,43.55146836028049,3.2479999999999653e-06,3.1371128164996596e-06,46.754821500114254,3.5925000000000126e-06,3.3409612858300804e-06
2016-11-11,2.68e-06,2.72e-06,2.56e-06,2.67e-06,471060.25,1.25,XLM,39.18626941433633,2.78000000000003e-06,2.840502322658875e-06,43.46703374854,3.2033333333332986e-06,3.1069765057577462e-06,46.715116137463426,3.5836666666666794e-06,3.3189625551471268e-06
2016-11-12,2.67e-06,2.75e-06,2.66e-06,2.66e-06,608887.3,1.63,XLM,38.987328470934266,2.7607142857143157e-06,2.8164353463043584e-06,43.38012790568244,3.163666666666632e-06,3.0781393118378916e-06,46.67481809200978,3.5746666666666796e-06,3.2973572254701716e-06
2016-11-13,2.66e-06,2.7e-06,2.48e-06,2.66e-06,4092381.59,10.46,XLM,38.987328470934266,2.74000000000003e-06,2.7955773001304437e-06,43.38012790568244,3.1259999999999655e-06,3.0511625820418986e-06,46.67481809200978,3.553500000000013e-06,3.276460267258035e-06
2016-11-14,2.66e-06,2.67e-06,2.4e-06,2.59e-06,3112277.58,7.84,XLM,37.45915479667807,2.73500000000003e-06,2.7681669934463847e-06,42.741398923907305,3.087999999999966e-06,3.021410157394034e-06,46.38530899631985,3.538333333333346e-06,3.2539533732495747e-06
2016-11-15,2.59e-06,2.59e-06,2.33e-06,2.33e-06,1469074.19,3.55,XLM,32.404483974649104,2.704285714285744e-06,2.7097447276535336e-06,40.45519064377987,3.0446666666666325e-06,2.976803050465387e-06,45.32371376383344,3.517000000000013e-06,3.223659820028277e-06
2016-11-16,2.33e-06,2.46e-06,2.1e-06,2.46e-06,5500247.13,12.66,XLM,36.96143587087729,2.672857142857173e-06,2.6764454306330624e-06,42.056525072198696,3.001999999999966e-06,2.9434609181772973e-06,45.952499539180884,3.50216666666668e-06,3.198621793142104e-06
2016-11-17,2.46e-06,2.46e-06,2.02e-06,2.39e-06,2720269.72,6.32,XLM,35.577702647511686,2.6471428571428872e-06,2.638252706548654e-06,41.436490052318305,2.9599999999999657e-06,2.907753762165859e-06,45.66501099817302,3.4853333333333464e-06,3.172109603203019e-06
2016-11-18,2.39e-06,2.87e-06,2.19e-06,2.35e-06,768866.48,1.93,XLM,34.78050754110232,2.6150000000000304e-06,2.599819012342167e-06,41.07888481656408,2.895333333333299e-06,2.871769648477739e-06,45.499639792052015,3.4693333333333465e-06,3.1451551899832476e-06
2016-11-19,2.35e-06,2.45e-06,2.02e-06,2.39e-06,2451172.71,5.67,XLM,36.30956622372463,2.590714285714316e-06,2.571843144029878e-06,41.5996914282766,2.8449999999999656e-06,2.8406877356727236e-06,45.699560718154196,3.450333333333347e-06,3.12039600342642e-06
2016-11-20,2.39e-06,2.44e-06,2.07e-06,2.35e-06,373800.47,0.8704,XLM,35.41983966881218,2.5542857142857443e-06,2.542264058159228e-06,41.22317201207234,2.8046666666666323e-06,2.8090304624035158e-06,45.529762607789145,3.4305000000000136e-06,3.095137118068177e-06
2016-11-21,2.35e-06,2.43e-06,2.19e-06,2.23e-06,1516879.24,3.43,XLM,32.8337672328522,2.5135714285714585e-06,2.500628850404664e-06,40.09809386459663,2.7573333333332994e-06,2.7716736583774824e-06,45.019584116217366,3.4121666666666803e-06,3.0667719666561055e-06
2016-11-22,2.23e-06,2.35e-06,2.22e-06,2.26e-06,2518304.9,5.68,XLM,34.12212624582964,2.4814285714286017e-06,2.4685450036840423e-06,40.517477143474565,2.7059999999999657e-06,2.7386624546111932e-06,45.17572557964506,3.38866666666668e-06,3.0403204267657416e-06
2016-11-23,2.26e-06,2.3e-06,1.95e-06,2.28e-06,983186.42,2.1,XLM,35.012531055086754,2.45000000000003e-06,2.4434056698595033e-06,40.802985911454044,2.664333333333299e-06,2.7090713285072455e-06,45.281051507474295,3.3595000000000137e-06,3.0153918881832583e-06
2016-11-24,2.28e-06,2.29e-06,2.14e-06,2.28e-06,266849.41,0.6045,XLM,35.012531055086754,2.4214285714286014e-06,2.4216182472115694e-06,40.802985911454044,2.622333333333299e-06,2.6813893073132295e-06,45.281051507474295,3.329166666666681e-06,2.991280678734627e-06
2016-11-25,2.28e-06,2.28e-06,2.04e-06,2.21e-06,6944427.55,14.95,XLM,33.209100092505004,2.3885714285714584e-06,2.3934024809166933e-06,40.08395175193904,2.595333333333299e-06,2.6509770939381825e-06,44.9685182832907,3.2911666666666805e-06,2.9656649187761145e-06
2016-11-26,2.21e-06,2.27e-06,2.04e-06,2.25e-06,161129.8,0.3615,XLM,35.25099911267242,2.3592857142857445e-06,2.374282150127801e-06,40.70098342732706,2.5716666666666326e-06,2.625107604006687e-06,45.18830097560382,3.2436666666666805e-06,2.9422004952096845e-06
2016-11-27,2.25e-06,2.27e-06,2.07e-06,2.2e-06,615454.32,1.36,XLM,33.864453154686856,2.3264285714286015e-06,2.351044530110761e-06,40.16668883172983,2.560333333333299e-06,2.5976813069739976e-06,44.9601101147746,3.1968333333333474e-06,2.9178660527437933e-06
2016-11-28,2.2e-06,2.26e-06,2.03e-06,2.23e-06,1044457.96,2.27,XLM,35.495503263219426,2.3007142857143155e-06,2.3349052594293263e-06,40.64973675299677,2.5369999999999657e-06,2.5739599323305137e-06,45.129132371673386,3.1570000000000144e-06,2.895313067407931e-06
2016-11-29,2.23e-06,2.25e-06,2.05e-06,2.17e-06,519174.14,1.13,XLM,33.713808165877985,2.2892857142857443e-06,2.312917891505416e-06,39.982639615023906,2.5109999999999655e-06,2.547898001212416e-06,44.849086918395244,3.116166666666681e-06,2.8715323110994742e-06
2016-11-30,2.17e-06,2.2e-06,2.04e-06,2.12e-06,1939825.53,4.17,XLM,32.267670500345375,2.26500000000003e-06,2.287195505971361e-06,39.42549531563122,2.4929999999999654e-06,2.5202916785535503e-06,44.61453163572176,3.0735000000000147e-06,2.8468919074568686e-06
2016-12-01,2.12e-06,2.13e-06,1.88e-06,1.89e-06,3256208.38,6.27,XLM,26.63648541204003,2.229285714285744e-06,2.2342361051751793e-06,36.97632892509436,2.4639999999999657e-06,2.479627699292031e-06,43.549383430510964,3.0301666666666812e-06,2.8155184022943482e-06
2016-12-02,1.89e-06,2.09e-06,1.92e-06,2.09e-06,2818785.52,5.76,XLM,36.89656179941885,2.210714285714315e-06,2.2150046244851553e-06,40.308274252044164,2.4369999999999654e-06,2.4544904283699645e-06,44.71622564225103,2.993500000000014e-06,2.7917309136945337e-06
2016-12-03,2.09e-06,2.09e-06,1.92e-06,1.99e-06,128050.46,0.2596,XLM,34.32490484692587,2.1821428571428866e-06,2.1850040078871345e-06,39.23652028933554,2.4116666666666324e-06,2.424523303958999e-06,44.25126338031592,2.9620000000000146e-06,2.765444654229139e-06
2016-12-04,1.99e-06,2.03e-06,1.92e-06,1.96e-06,406183.59,0.8118,XLM,33.57276478309027,2.154285714285744e-06,2.1550034735021833e-06,38.91575450091257,2.3836666666666324e-06,2.3945540585422895e-06,44.11136814161572,2.9308333333333478e-06,2.7390366327790033e-06
2016-12-05,1.96e-06,4.65e-06,1.89e-06,3.5e-06,24367373.71,82.61,XLM,69.87673463062387,2.2450000000000298e-06,2.334336343701892e-06,57.39244178501609,2.409333333333299e-06,2.465873151539561e-06,52.026477476160714,2.927166666666681e-06,2.763986251376413e-06
2016-12-06,3.5e-06,4.34e-06,2.66e-06,3.94e-06,15225451.48,50.21,XLM,74.19412832792719,2.3650000000000294e-06,2.5484248312083066e-06,60.88549445305622,2.4453333333332996e-06,2.5609781095047506e-06,53.92203626804374,2.9335000000000143e-06,2.802544079200137e-06
2016-12-07,3.94e-06,3.98e-06,2.1e-06,3.05e-06,22509308.09,65.84,XLM,56.61023264319581,2.4200000000000298e-06,2.6153015203805323e-06,51.978695785944424,2.453666666666633e-06,2.592527908891541e-06,49.86984804302916,2.920666666666681e-06,2.810657388078821e-06
2016-12-08,3.05e-06,3.66e-06,3.04e-06,3.29e-06,9847477.33,32.0,XLM,59.3909260442402,2.4921428571428866e-06,2.705261317663128e-06,53.859534036304304,2.4729999999999664e-06,2.637526108317893e-06,50.88181300051894,2.9095000000000142e-06,2.8263735392893515e-06
2016-12-09,3.29e-06,3.56e-06,2.84e-06,2.85e-06,8877960.47,27.99,XLM,52.75048534564851,2.5378571428571724e-06,2.7245598086413776e-06,50.13924117975826,2.4773333333332995e-06,2.651234101329642e-06,49.036762483087976,2.888833333333347e-06,2.8271481773454384e-06
2016-12-10,2.85e-06,3.09e-06,2.76e-06,3.03e-06,2049667.97,5.95,XLM,54.957873674268626,2.593571428571458e-06,2.765285167489194e-06,51.553842759246706,2.4889999999999668e-06,2.675670610921278e-06,49.79394434245684,2.868500000000014e-06,2.8337990567767354e-06
2016-12-11,3.03e-06,3.1e-06,2.84e-06,2.91e-06,1870201.92,5.47,XLM,53.18316317452894,2.644285714285744e-06,2.7845804784906346e-06,50.5655643807605,2.4969999999999665e-06,2.6907886360231308e-06,49.29751714895111,2.850166666666681e-06,2.836297448357826e-06
2016-12-12,2.91e-06,2.94e-06,2.68e-06,2.72e-06,1243984.56,3.43,XLM,50.421028343375376,2.679285714285744e-06,2.7759697480252167e-06,49.02785611697004,2.4989999999999662e-06,2.6926732401506706e-06,48.51887008234975,2.8313333333333473e-06,2.832484417264127e-06
2016-12-13,2.72e-06,2.81e-06,2.7e-06,2.75e-06,1447956.91,3.94,XLM,50.85284557118797,2.7207142857143153e-06,2.772507114955188e-06,49.27951402859031,2.501999999999966e-06,2.696371740786111e-06,48.64906983471828,2.8140000000000145e-06,2.829780010140713e-06
2016-12-14,2.75e-06,4.11e-06,2.66e-06,3.65e-06,7380185.22,24.29,XLM,61.60241055029864,2.8300000000000297e-06,2.889506166294496e-06,56.01197500714989,2.5373333333332994e-06,2.757896144606362e-06,52.326457002292486,2.812666666666681e-06,2.856672468824624e-06
2016-12-15,3.65e-06,4.47e-06,3.55e-06,3.99e-06,15801312.36,60.72,XLM,64.7252924759447,2.98000000000003e-06,3.03623867745523e-06,58.17898946199729,2.5926666666666325e-06,2.8373867159220804e-06,53.60260096174933,2.8186666666666812e-06,2.893830748535292e-06
2016-12-16,3.99e-06,3.96e-06,3.12e-06,3.44e-06,4863715.18,17.01,XLM,56.72875702282652,3.0764285714286015e-06,3.0900735204611992e-06,53.75258672982597,2.6253333333332988e-06,2.8762649923142043e-06,51.34233166790882,2.8136666666666817e-06,2.9117379371079055e-06
2016-12-17,3.44e-06,3.76e-06,3.41e-06,3.6e-06,618972.44,2.21,XLM,58.33325059894657,3.1914285714286013e-06,3.158063717733039e-06,54.78665479106776,2.6656666666666324e-06,2.9229575734552234e-06,51.94167929555756,2.8128333333333482e-06,2.9343039063830562e-06
2016-12-18,3.6e-06,3.67e-06,3.53e-06,3.6e-06,5513829.45,20.08,XLM,58.33325059894658,3.3085714285714585e-06,3.2169885553686338e-06,54.78665479106776,2.7073333333332994e-06,2.9666377300064992e-06,51.94167929555757,2.8013333333333484e-06,2.95613000781312e-06
2016-12-19,3.6e-06,4e-06,3.57e-06,3.58e-06,3973509.2,14.88,XLM,58.024515083480246,3.3142857142857447e-06,3.2653900813194826e-06,54.62363768171409,2.7469999999999662e-06,3.0062094893609188e-06,51.85914773552557,2.796000000000015e-06,2.9765847616553127e-06
2016-12-20,3.58e-06,3.62e-06,3.22e-06,3.22e-06,3576293.41,12.56,XLM,52.65039040383924,3.262857142857173e-06,3.259338070476885e-06,51.75907796943496,2.7759999999999663e-06,3.020002425531182e-06,50.39382764568286,2.7903333333333484e-06,2.984565589142024e-06
2016-12-21,3.22e-06,3.48e-06,2.79e-06,3.16e-06,1507315.17,4.76,XLM,51.7937752381912,3.270714285714316e-06,3.2460929944133003e-06,51.29579301343913,2.8069999999999665e-06,3.0290345271098154e-06,50.153702598447545,2.7821666666666816e-06,2.9903175370390067e-06
2016-12-22,3.16e-06,3.18e-06,2.63e-06,2.75e-06,1845990.6,5.3,XLM,46.28085888696158,3.232142857142887e-06,3.1799472618248602e-06,48.24649097499899,2.8233333333332997e-06,3.0110322995543433e-06,48.546648269766706,2.764666666666682e-06,2.982438273529531e-06
2016-12-23,2.75e-06,3.27e-06,2.72e-06,2.91e-06,3042705.05,9.44,XLM,48.569733282551084,3.2364285714286012e-06,3.1439542935815457e-06,49.45805729500459,2.8443333333333e-06,3.0045140866798696e-06,49.19255472833598,2.7543333333333487e-06,2.980063248167907e-06
2016-12-24,2.91e-06,3.13e-06,2.83e-06,2.83e-06,1261818.88,3.69,XLM,47.485830902368605,3.222142857142887e-06,3.1020937211040062e-06,48.86699471514711,2.8626666666666333e-06,2.9932551133456846e-06,48.880636041337716,2.7425000000000152e-06,2.9751431416705987e-06
2016-12-25,2.83e-06,3.27e-06,2.79e-06,3.2e-06,757953.09,2.25,XLM,52.71489287698241,3.2428571428571724e-06,3.115147891623472e-06,51.6296567357554,2.895666666666633e-06,3.0065934931298342e-06,50.360625554754996,2.745500000000015e-06,2.9825154976813986e-06
2016-12-26,3.2e-06,3.13e-06,2.58e-06,2.61e-06,818419.26,2.27,XLM,45.05076153954547,3.235000000000029e-06,3.047794839407009e-06,47.4090184941393,2.9076666666666333e-06,2.981006816153716e-06,48.10288917626222,2.7396666666666816e-06,2.9703018748065985e-06
2016-12-27,2.61e-06,2.69e-06,2.5e-06,2.5e-06,2941604.81,7.47,XLM,43.779302581703725,3.2171428571428864e-06,2.9747555274860745e-06,46.673938748209146,2.9176666666666336e-06,2.949974118337347e-06,47.69756955994979,2.7390000000000148e-06,2.9548821412063823e-06
2016-12-28,2.5e-06,2.95e-06,2.11e-06,2.6e-06,5014792.5,11.37,XLM,45.283446801588504,3.1421428571428863e-06,2.9247881238212647e-06,47.43950137315894,2.929999999999967e-06,2.927395142960744e-06,48.10174056389159,2.733500000000015e-06,2.943246661166829e-06
2016-12-29,2.6e-06,2.84e-06,2.29e-06,2.61e-06,2166916.33,5.77,XLM,45.439845116062756,3.0435714285714576e-06,2.8828163739784295e-06,47.51735831512887,2.9446666666666335e-06,2.9069180369632766e-06,48.142481743202175,2.7278333333333486e-06,2.932320541128572e-06
2016-12-30,2.61e-06,2.75e-06,2.43e-06,2.46e-06,786345.14,1.96,XLM,43.44412834456715,2.9735714285714575e-06,2.8264408574479725e-06,46.45085244150036,2.955999999999967e-06,2.8780846152237105e-06,47.57295933652067,2.724500000000015e-06,2.9168346217473074e-06
2016-12-31,2.46e-06,2.93e-06,2.44e-06,2.46e-06,1889511.25,4.93,XLM,43.44412834456715,2.892142857142886e-06,2.7775820764549093e-06,46.45085244150036,2.974999999999967e-06,2.8511114142415355e-06,47.57295933652066,2.719500000000015e-06,2.9018564374277236e-06
2017-01-01,2.46e-06,2.57e-06,2.33e-06,2.46e-06,1587742.21,3.86,XLM,43.44412834456715,2.810714285714315e-06,2.7352377995942547e-06,46.45085244150035,2.9873333333333e-06,2.82587841977434e-06,47.57295933652067,2.712166666666682e-06,2.887369341118618e-06
2017-01-02,2.46e-06,2.49e-06,2.34e-06,2.48e-06,1787868.93,4.34,XLM,43.84856575877618,2.732142857142886e-06,2.701206092981687e-06,46.62708734328022,3.0036666666666337e-06,2.803563683014705e-06,47.65971401858219,2.7076666666666813e-06,2.874012969278663e-06
2017-01-03,2.48e-06,2.48e-06,2.19e-06,2.43e-06,1785097.52,4.19,XLM,43.02444261686524,2.6757142857143144e-06,2.665045280584129e-06,46.23400698687966,3.0193333333333004e-06,2.779462800239563e-06,47.46010284550196,2.7015000000000147e-06,2.8594551670072315e-06
2017-01-04,2.43e-06,2.65e-06,2.2e-06,2.57e-06,7436440.2,18.16,XLM,46.06550008962671,2.6335714285714573e-06,2.652372576506245e-06,47.51422271274755,2.9883333333333e-06,2.765949071191849e-06,48.079133227726295,2.698833333333348e-06,2.849964833662732e-06
2017-01-05,2.57e-06,2.98e-06,2.07e-06,2.72e-06,8123997.86,20.7,XLM,49.17938399700944,2.6314285714286003e-06,2.6613895663054127e-06,48.86231677993375,2.9476666666666333e-06,2.7629846149859234e-06,48.73704579885093,2.6965000000000148e-06,2.8457036915754294e-06
2017-01-06,2.72e-06,2.9e-06,2.35e-06,2.63e-06,3651156.68,9.67,XLM,47.419409494458264,2.6114285714286005e-06,2.6572042907980243e-06,48.096397847148125,2.933666666666633e-06,2.7544049624061864e-06,48.36321827115729,2.6936666666666816e-06,2.8386314393926286e-06
2017-01-07,2.63e-06,2.69e-06,2.53e-06,2.61e-06,580857.05,1.52,XLM,47.01877776971896,2.5957142857143148e-06,2.650910385358288e-06,47.923897962024306,2.9109999999999663e-06,2.7450885132186907e-06,48.27955373730262,2.6920000000000146e-06,2.831135326625657e-06
2017-01-08,2.61e-06,2.72e-06,2.55e-06,2.6e-06,2649034.27,7.09,XLM,46.806925782999635,2.5528571428571723e-06,2.6441223339771828e-06,47.83525692807179,2.902666666666633e-06,2.735727963978775e-06,48.237135140452445,2.690000000000015e-06,2.8235571191953075e-06
2017-01-09,2.6e-06,2.6e-06,2.52e-06,2.53e-06,504310.04,1.29,XLM,45.27689862452994,2.547142857142887e-06,2.628906022780225e-06,47.20372196180878,2.885999999999966e-06,2.722455192109177e-06,47.93739554897234,2.687500000000015e-06,2.8139322956151333e-06
2017-01-10,2.53e-06,2.92e-06,2.52e-06,2.65e-06,7323875.46,19.5,XLM,48.376345497057336,2.5578571428571722e-06,2.631718553076195e-06,48.410247122180095,2.8773333333332995e-06,2.7177806635860044e-06,48.49518745234301,2.6871666666666817e-06,2.808557466250703e-06
2017-01-11,2.65e-06,3.08e-06,2.56e-06,3.07e-06,2432361.19,6.97,XLM,57.42011089136559,2.5914285714286006e-06,2.6901560793327024e-06,52.34862175589218,2.888999999999966e-06,2.740504491741746e-06,50.386623783884716,2.6940000000000148e-06,2.817129352603139e-06
2017-01-12,3.07e-06,3.08e-06,2.78e-06,2.9e-06,797071.75,2.31,XLM,53.36571867911703,2.612142857142887e-06,2.7181352687550086e-06,50.728868637096035,2.8939999999999663e-06,2.7507945245326012e-06,49.636516425196135,2.6980000000000147e-06,2.8198464230095935e-06
2017-01-13,2.9e-06,3.06e-06,2.81e-06,3.06e-06,737126.0,2.21,XLM,56.465490143724296,2.65500000000003e-06,2.7637172329210075e-06,52.16823542045762,2.8743333333332997e-06,2.7707432648853364e-06,50.343860573072746,2.7058333333333482e-06,2.8277203107797707e-06
2017-01-14,3.06e-06,3.07e-06,2.92e-06,2.95e-06,575972.83,1.72,XLM,53.82986521856355,2.6900000000000297e-06,2.7885549351982065e-06,51.10757262008857,2.8396666666666332e-06,2.7823082155378954e-06,49.85445349087359,2.716166666666681e-06,2.831729480918139e-06
2017-01-15,2.95e-06,2.98e-06,2.81e-06,2.83e-06,1097673.13,3.19,XLM,51.04499200399954,2.716428571428601e-06,2.794080943838446e-06,49.962470818154365,2.8193333333333002e-06,2.785385104858031e-06,49.32266684179003,2.7223333333333476e-06,2.8316727766257408e-06
2017-01-16,2.83e-06,3.04e-06,2.75e-06,2.79e-06,3381707.15,9.78,XLM,50.11895966810719,2.7385714285714576e-06,2.79353681799332e-06,49.57983719999289,2.7923333333333003e-06,2.7856828400284805e-06,49.14501477277193,2.729000000000014e-06,2.8303064560806345e-06
2017-01-17,2.79e-06,2.88e-06,2.61e-06,2.81e-06,7816916.83,21.53,XLM,50.59907034201369,2.765714285714315e-06,2.7957319089275437e-06,49.77855595443098,2.7659999999999664e-06,2.787251689058901e-06,49.23795664227785,2.736666666666681e-06,2.829640670635368e-06
2017-01-18,2.81e-06,2.83e-06,2.5e-06,2.63e-06,7289185.79,19.49,XLM,46.301647971220525,2.7700000000000294e-06,2.773634321070538e-06,48.018501266862245,2.7343333333332993e-06,2.7771064187970362e-06,48.42812155482737,2.7406666666666804e-06,2.823095074876831e-06
2017-01-19,2.63e-06,2.82e-06,2.52e-06,2.6e-06,9140632.0,24.22,XLM,45.60991772709048,2.7614285714286007e-06,2.7504830782611326e-06,47.727868154056885,2.7136666666666327e-06,2.7656801982294854e-06,48.29353153193376,2.7448333333333473e-06,2.8157804822579185e-06
2017-01-20,2.6e-06,2.66e-06,2.36e-06,2.44e-06,11362711.41,28.23,XLM,42.02248323307897,2.747857142857172e-06,2.7090853344929816e-06,46.18724054768213,2.6896666666666326e-06,2.7446685725372604e-06,47.57658654005075,2.7483333333333474e-06,2.8034598107084787e-06
2017-01-21,2.44e-06,2.66e-06,2.41e-06,2.49e-06,7649926.67,19.19,XLM,43.51015899824175,2.7392857142857434e-06,2.679873956560584e-06,46.74237463886252,2.6809999999999655e-06,2.7282383420509854e-06,47.82268404554488,2.752166666666681e-06,2.7931824398655776e-06
2017-01-22,2.49e-06,2.59e-06,2.44e-06,2.5e-06,8757442.78,21.63,XLM,43.81906819285404,2.7321428571428864e-06,2.6558907623525063e-06,46.855677257526,2.6673333333332994e-06,2.7135132877251152e-06,47.872441468662934,2.7558333333333473e-06,2.7835699008535915e-06
2017-01-23,2.5e-06,2.55e-06,2.46e-06,2.47e-06,9707726.39,24.06,XLM,43.06216417040245,2.7278571428571723e-06,2.6311053273721724e-06,46.54868511438373,2.6553333333332993e-06,2.6978027530331723e-06,47.73360606421859,2.7590000000000137e-06,2.773288920497736e-06
2017-01-24,2.47e-06,2.52e-06,2.35e-06,2.37e-06,9573074.06,22.99,XLM,40.55999029074513,2.7078571428571725e-06,2.5962912837225495e-06,45.52137954966227,2.627666666666633e-06,2.676654188321355e-06,47.26903864103504,2.7616666666666803e-06,2.760066332940433e-06
2017-01-25,2.37e-06,2.43e-06,2.27e-06,2.28e-06,3838430.28,8.89,XLM,38.40795893300337,2.651428571428601e-06,2.554119112559543e-06,44.60586110327175,2.6166666666666326e-06,2.651063595526429e-06,46.85181203579814,2.7621666666666806e-06,2.744326453171894e-06
2017-01-26,2.28e-06,2.49e-06,2.28e-06,2.4e-06,9737354.52,23.18,XLM,42.74753126073109,2.6157142857143146e-06,2.5335698975516037e-06,46.099426508756956,2.613333333333299e-06,2.6348659442021432e-06,47.48021108277036,2.765500000000014e-06,2.733037061264619e-06
2017-01-27,2.4e-06,2.44e-06,2.3e-06,2.34e-06,6890395.6,16.3,XLM,41.192725674445505,2.5642857142857434e-06,2.5077605778780564e-06,45.46605554206469,2.6046666666666325e-06,2.615842334898779e-06,47.1965460125343,2.7673333333333476e-06,2.7201506002395496e-06
2017-01-28,2.34e-06,2.44e-06,2.34e-06,2.42e-06,3310305.63,7.89,XLM,44.097410013132816,2.5264285714286004e-06,2.4960591674943156e-06,46.47918403782275,2.598333333333299e-06,2.603207345550471e-06,47.620745223773696,2.771500000000014e-06,2.710309596953007e-06
2017-01-29,2.42e-06,2.74e-06,2.41e-06,2.66e-06,5470987.74,14.31,XLM,51.75671317015398,2.5142857142857435e-06,2.5179179451617404e-06,49.39368388617658,2.6049999999999657e-06,2.606871387773021e-06,48.873464411967966,2.780500000000014e-06,2.708660101970941e-06
2017-01-30,2.66e-06,2.79e-06,2.28e-06,2.5e-06,12041599.07,29.36,XLM,47.14303949125063,2.493571428571458e-06,2.5155288858068416e-06,47.60773901990933,2.6063333333332995e-06,2.5999764595296e-06,48.093865146401306,2.790666666666681e-06,2.7018187871522217e-06
2017-01-31,2.5e-06,2.52e-06,2.32e-06,2.38e-06,7928095.31,18.73,XLM,43.99183389455443,2.462857142857172e-06,2.4974583676992626e-06,46.31004141928117,2.6036666666666324e-06,2.585784429882529e-06,47.51593227239033,2.7955000000000137e-06,2.6912673515078867e-06
2017-02-01,2.38e-06,2.5e-06,2.35e-06,2.4e-06,7982747.58,18.89,XLM,44.65248063009091,2.4464285714286003e-06,2.4844639186726944e-06,46.56090880129542,2.600999999999966e-06,2.5737983376320433e-06,47.622581849702236,2.8023333333333472e-06,2.68171760227812e-06
2017-02-02,2.4e-06,2.4e-06,2.25e-06,2.34e-06,5703904.78,13.09,XLM,43.02135828680663,2.4278571428571718e-06,2.4652020628496683e-06,45.89611230465279,2.5979999999999656e-06,2.558714573913847e-06,47.329248729772615,2.808666666666681e-06,2.6705137464657226e-06
2017-02-03,2.34e-06,2.38e-06,2.25e-06,2.25e-06,6624307.7,15.17,XLM,40.635726270250316,2.4142857142857436e-06,2.4365084544697126e-06,44.90238240782697,2.5873333333332993e-06,2.5387975046290825e-06,46.88880827427545,2.7878333333333476e-06,2.6567264105160267e-06
2017-02-04,2.25e-06,2.35e-06,2.24e-06,2.28e-06,12170952.21,27.84,XLM,41.78856773966367,2.3992857142857433e-06,2.4156406605404175e-06,45.31024848969933,2.5726666666666322e-06,2.522100891427206e-06,47.05577637472928,2.7601666666666813e-06,2.644374724925337e-06
2017-02-05,2.28e-06,2.3e-06,2.2e-06,2.27e-06,5103472.98,11.56,XLM,41.500733685623075,2.3828571428571718e-06,2.3962219058016953e-06,45.19501082476207,2.5606666666666326e-06,2.5058363177867413e-06,47.005697415962125,2.747166666666681e-06,2.632100143780244e-06
2017-02-06,2.27e-06,2.28e-06,2.14e-06,2.16e-06,11977644.65,26.55,XLM,38.38472253983312,2.3607142857143145e-06,2.3647256516948025e-06,43.925183368767286,2.5456666666666328e-06,2.483524297284371e-06,46.45282396211953,2.7283333333333476e-06,2.6166214505415473e-06
2017-02-07,2.16e-06,2.24e-06,2.05e-06,2.1e-06,11262804.19,23.98,XLM,36.77120789113357,2.3414285714286e-06,2.3294288981354953e-06,43.24041595430063,2.5289999999999664e-06,2.4587807942337663e-06,46.15180002527264,2.7158333333333477e-06,2.5996830423270703e-06
2017-02-08,2.1e-06,2.27e-06,2.01e-06,2.17e-06,12387006.88,26.49,XLM,39.92765906700429,2.3335714285714572e-06,2.3081717117174295e-06,44.28747121408144,2.5169999999999663e-06,2.440149775250943e-06,46.562533542495665,2.7015000000000143e-06,2.5855950737261826e-06
2017-02-09,2.17e-06,2.24e-06,2.02e-06,2.13e-06,10899444.98,23.43,XLM,38.743504836389896,2.3142857142857433e-06,2.284415483488439e-06,43.8102621968217,2.4996666666666327e-06,2.420140112331527e-06,46.35711205849074,2.688500000000014e-06,2.5706575303253243e-06
2017-02-10,2.13e-06,2.16e-06,2e-06,2.09e-06,12259940.04,25.51,XLM,37.55031051335918,2.2964285714286005e-06,2.2584934190233137e-06,43.3278312613214,2.4669999999999664e-06,2.3988407502456222e-06,46.150116680879194,2.6780000000000144e-06,2.5548982670359693e-06
2017-02-11,2.09e-06,2.18e-06,2.04e-06,2.08e-06,11204930.81,23.12,XLM,37.2430822815047,2.272142857142886e-06,2.234694296486872e-06,43.20492528453648,2.439666666666633e-06,2.378270379262034e-06,46.09779965295788,2.6668333333333474e-06,2.5393278320511834e-06
2017-02-12,2.08e-06,2.17e-06,2.05e-06,2.05e-06,9675314.2,20.14,XLM,36.28874044835757,2.2285714285714582e-06,2.2100683902886224e-06,42.828309362773766,2.4059999999999656e-06,2.3570916451160964e-06,45.93896279565542,2.6401666666666807e-06,2.5232842965740955e-06
2017-02-13,2.05e-06,2.12e-06,2.04e-06,2.08e-06,13155840.18,27.08,XLM,37.991192723172084,2.198571428571458e-06,2.1927259382501395e-06,43.33868799466031,2.3769999999999656e-06,2.3392147647860256e-06,46.127681670890325,2.6083333333333475e-06,2.5087503852110102e-06
2017-02-14,2.08e-06,2.21e-06,2.01e-06,2.18e-06,12010387.24,24.84,XLM,43.39336082968115,2.184285714285744e-06,2.191029146483454e-06,45.02899016064159,2.355333333333299e-06,2.3289428444772495e-06,46.75754506289526,2.5873333333333476e-06,2.4979716840565507e-06
2017-02-15,2.18e-06,2.2e-06,2.03e-06,2.08e-06,12608395.81,26.59,XLM,39.68872839561134,2.161428571428601e-06,2.1762252602856603e-06,43.68243243945533,2.3316666666666315e-06,2.312882015801298e-06,46.20828360655261,2.562000000000014e-06,2.4842676944153523e-06
2017-02-16,2.08e-06,2.1e-06,1.96e-06,1.96e-06,14967573.4,29.95,XLM,35.76316290315313,2.1342857142857437e-06,2.1473952255809057e-06,42.12054950186333,2.3033333333332987e-06,2.2901154341366978e-06,45.55541281382049,2.5346666666666806e-06,2.4670785896804226e-06
2017-02-17,1.96e-06,2.02e-06,1.85e-06,1.9e-06,13202883.02,24.87,XLM,33.96354114505928,2.1092857142857435e-06,2.1144091955034514e-06,41.35654423591327,2.2789999999999654e-06,2.264946696450459e-06,45.23055901676861,2.5066666666666806e-06,2.448485849035163e-06
2017-02-18,1.9e-06,1.96e-06,1.88e-06,1.89e-06,11436530.6,21.74,XLM,33.66106913446831,2.0814285714286004e-06,2.0844879694363244e-06,41.227754517442364,2.255333333333299e-06,2.240756587002042e-06,45.175972823490405,2.4845000000000137e-06,2.430174837591387e-06
2017-02-19,1.89e-06,1.96e-06,1.85e-06,1.92e-06,8714590.63,16.31,XLM,35.50722254598517,2.0564285714286007e-06,2.062556240178148e-06,41.789705509527,2.2379999999999657e-06,2.2200626136470717e-06,45.37703296287071,2.4638333333333474e-06,2.413447793735932e-06
2017-02-20,1.92e-06,1.93e-06,1.79e-06,1.79e-06,60466914.78,111.61,XLM,31.444399184078993,2.0300000000000293e-06,2.026215408154395e-06,40.073967256784975,2.214666666666632e-06,2.192316638573067e-06,44.655541678460516,2.447833333333347e-06,2.3930068824659016e-06
2017-02-21,1.79e-06,1.87e-06,1.67e-06,1.82e-06,61880079.59,108.8,XLM,33.33056191563427,2.010000000000029e-06,1.9987200204004753e-06,40.654978261331294,2.1919999999999656e-06,2.1682962102780306e-06,44.86122949055773,2.4296666666666804e-06,2.37421977156538e-06
2017-02-22,1.82e-06,1.81e-06,1.65e-06,1.68e-06,22682212.58,38.99,XLM,29.299932726477977,1.975000000000029e-06,1.956224017680412e-06,38.83910607514894,2.165666666666632e-06,2.1367932289697706e-06,44.083909414805404,2.4105000000000136e-06,2.35145846757963e-06
2017-02-23,1.68e-06,1.7e-06,1.51e-06,1.59e-06,25513741.11,40.34,XLM,27.047101591399155,1.9364285714286006e-06,1.907394148656357e-06,37.719932710980146,2.1396666666666323e-06,2.101516246455592e-06,43.590268312925524,2.3836666666666803e-06,2.326492616183576e-06
2017-02-24,1.59e-06,1.68e-06,1.54e-06,1.64e-06,52031776.38,83.29,XLM,30.23981796776531,1.9042857142857438e-06,1.871741595502176e-06,38.73342322721502,2.118333333333299e-06,2.0717410047487793e-06,43.94479849146621,2.3675000000000133e-06,2.3039846615546063e-06
2017-02-25,1.64e-06,1.66e-06,1.52e-06,1.62e-06,65838999.29,104.25,XLM,29.683081099411652,1.871428571428601e-06,1.8381760494352192e-06,38.47463438478757,2.092333333333299e-06,2.042596423797245e-06,43.83276789528501,2.3528333333333467e-06,2.2815589349462584e-06
2017-02-26,1.62e-06,1.64e-06,1.47e-06,1.49e-06,47109646.28,72.62,XLM,26.309714606797343,1.8314285714286011e-06,1.7917525761771898e-06,36.82220374496033,2.0639999999999658e-06,2.0069450416167776e-06,43.106554225701096,2.3343333333333464e-06,2.2556061829808072e-06
2017-02-27,1.49e-06,1.61e-06,1.46e-06,1.55e-06,32343310.63,49.44,XLM,30.2306556435124,1.7935714285714582e-06,1.7595188993535646e-06,38.090310170199835,2.0349999999999657e-06,1.977464716351179e-06,43.545439527747604,2.3166666666666795e-06,2.232471554030617e-06
2017-02-28,1.55e-06,1.58e-06,1e-06,1.42e-06,123812607.6,177.68,XLM,26.907104517298578,1.7392857142857439e-06,1.7142497127730892e-06,36.45218408514395,1.9936666666666324e-06,1.941499250780135e-06,42.817853455380316,2.2993333333333463e-06,2.205833142423056e-06
2017-03-01,1.42e-06,1.56e-06,1.33e-06,1.42e-06,186202660.0,265.35,XLM,26.907104517298578,1.6921428571428868e-06,1.6750164177366773e-06,36.45218408514395,1.9576666666666326e-06,1.907854137826578e-06,42.81785345538031,2.2820000000000126e-06,2.180068121360005e-06
2017-03-02,1.42e-06,1.5e-06,1.35e-06,1.37e-06,79727406.23,111.94,XLM,25.661473301210155,1.6500000000000295e-06,1.6343475620384537e-06,35.81953871263609,1.923999999999966e-06,1.8731538708700245e-06,42.53531654672886,2.263833333333346e-06,2.1535085108236116e-06
2017-03-03,1.37e-06,1.48e-06,1.36e-06,1.39e-06,35940506.92,49.76,XLM,27.107670650206032,1.613571428571458e-06,1.6017678870999932e-06,36.276664489737115,1.8903333333332995e-06,1.841982653394539e-06,42.68910582472114,2.2456666666666797e-06,2.1284754448949686e-06
2017-03-04,1.39e-06,1.43e-06,1.34e-06,1.36e-06,45467127.95,62.42,XLM,26.285826018039696,1.5757142857143152e-06,1.5695321688199941e-06,35.88054734942026,1.8576666666666327e-06,1.8108869983368268e-06,42.515588406567865,2.2278333333333466e-06,2.103279528668904e-06
2017-03-05,1.36e-06,1.57e-06,1.34e-06,1.54e-06,72103188.65,102.93,XLM,38.3093400015129,1.548571428571458e-06,1.5655945463106616e-06,39.94618419662389,1.833999999999966e-06,1.793410417798967e-06,43.90640270305241,2.21066666666668e-06,2.084811347401071e-06
2017-03-06,1.54e-06,1.67e-06,1.49e-06,1.64e-06,159883091.6,252.95,XLM,43.7687861485192,1.5378571428571722e-06,1.57551527346924e-06,42.05539373927791,1.8126666666666327e-06,1.7835129714893562e-06,44.66261505610208,2.1926666666666795e-06,2.070227368797757e-06
2017-03-07,1.64e-06,1.74e-06,1.48e-06,1.58e-06,121953177.3,195.92,XLM,41.41277173952868,1.5207142857143151e-06,1.5761132370066747e-06,41.159127637877695,1.789666666666633e-06,1.7703831023610107e-06,44.29832475156492,2.1751666666666797e-06,2.0541543403125845e-06
2017-03-08,1.58e-06,1.61e-06,1.41e-06,1.48e-06,77362033.44,115.23,XLM,37.78115016280567,1.5064285714286007e-06,1.5632981387391181e-06,39.70193771286177,1.766999999999966e-06,1.7516487086603003e-06,43.69443600448114,2.156333333333346e-06,2.0353296078433193e-06
2017-03-09,1.48e-06,1.56e-06,1.31e-06,1.54e-06,149206196.3,211.84,XLM,41.10150834708826,1.502857142857172e-06,1.5601917202405692e-06,40.99707331586944,1.7483333333332998e-06,1.7379939532628615e-06,44.15879541109566,2.1386666666666793e-06,2.019089292832063e-06
2017-03-10,1.54e-06,1.56e-06,1.37e-06,1.51e-06,168978680.6,247.28,XLM,39.959124255582765,1.4935714285714577e-06,1.5534994908751598e-06,40.547104746977666,1.7263333333332996e-06,1.72328466595558e-06,43.97444171126809,2.1216666666666792e-06,2.0023978406080607e-06
2017-03-11,1.51e-06,1.57e-06,1.47e-06,1.5e-06,91654971.11,138.59,XLM,39.56636851009254,1.485000000000029e-06,1.5463662254251384e-06,40.394393998556694,1.7053333333332995e-06,1.7088792036358652e-06,43.91231500877011,2.102500000000013e-06,1.9859257802602554e-06
2017-03-12,1.5e-06,1.72e-06,1.47e-06,1.57e-06,144306216.8,226.2,XLM,43.71549522011138,1.4907142857143145e-06,1.5495173953684532e-06,41.97514086840554,1.6879999999999663e-06,1.6999192550141966e-06,44.47062751864469,2.0775000000000127e-06,1.9722888694320502e-06
2017-03-13,1.57e-06,1.68e-06,1.43e-06,1.54e-06,102182043.7,154.83,XLM,42.37945416778234,1.4900000000000287e-06,1.5482484093193261e-06,41.48788156917314,1.6699999999999662e-06,1.6896018837229581e-06,44.27858148471164,2.054833333333346e-06,1.9581154638769013e-06
2017-03-14,1.54e-06,1.61e-06,1.48e-06,1.52e-06,114805486.7,177.16,XLM,41.47406974472224,1.497142857142886e-06,1.544481954743416e-06,41.15874263910802,1.6523333333332996e-06,1.6786598267085736e-06,44.14935730135632,2.0291666666666793e-06,1.9437510224383145e-06
2017-03-15,1.52e-06,1.7e-06,1.5e-06,1.66e-06,113374402.6,176.74,XLM,49.55653479809972,1.514285714285743e-06,1.5598843607776272e-06,44.35208421644453,1.6383333333332996e-06,1.6774559669209236e-06,45.28574676341649,2.007666666666679e-06,1.9344477102272222e-06
2017-03-16,1.66e-06,1.8e-06,1.6e-06,1.75e-06,130180541.4,219.07,XLM,53.93796896700107,1.5414285714286003e-06,1.5852331126739436e-06,46.28844410189753,1.6239999999999662e-06,1.6821362271195737e-06,46.003797771535304,1.989666666666679e-06,1.928400244318133e-06
2017-03-17,1.75e-06,2.09e-06,1.56e-06,1.87e-06,227712383.8,424.86,XLM,59.022582225787,1.5757142857143146e-06,1.6232020309840845e-06,48.74567986142557,1.6169999999999663e-06,1.694256470531214e-06,46.94759183999012,1.9743333333333456e-06,1.926485482209342e-06
2017-03-18,1.87e-06,2.03e-06,1.73e-06,1.83e-06,121884878.4,226.3,XLM,56.78395169105265,1.6092857142857432e-06,1.6507750935195398e-06,47.98946675108486,1.6126666666666327e-06,1.7030141175937164e-06,46.67113982115324,1.9580000000000124e-06,1.9233220237762488e-06
2017-03-19,1.83e-06,1.91e-06,1.73e-06,1.86e-06,95189294.42,172.38,XLM,58.062140367718435,1.6321428571428861e-06,1.6786717477169344e-06,48.60735613455164,1.6113333333332995e-06,1.713142239039283e-06,46.90951606800024,1.945166666666679e-06,1.9212458918491586e-06
2017-03-20,1.86e-06,2.03e-06,1.68e-06,1.95e-06,139478759.7,262.81,XLM,61.702963335513886,1.6542857142857432e-06,1.7148488480213431e-06,50.43282847887266,1.6133333333332996e-06,1.7284233849077165e-06,47.6235787494691,1.9343333333333455e-06,1.9221886494934486e-06
2017-03-21,1.95e-06,1.99e-06,1.79e-06,1.85e-06,126391375.0,237.59,XLM,55.92324857193569,1.6735714285714576e-06,1.7328690016184974e-06,48.45665241267491,1.610999999999966e-06,1.7362670374943155e-06,46.91084231737979,1.9245000000000127e-06,1.91982180852645e-06
2017-03-22,1.85e-06,2.21e-06,1.83e-06,2.17e-06,205727501.0,404.96,XLM,66.63769306592934,1.7228571428571722e-06,1.7911531347360311e-06,54.36903320159148,1.6236666666666327e-06,1.7642498092688757e-06,49.375714482142044,1.919166666666679e-06,1.928024372181321e-06
2017-03-23,2.17e-06,2.45e-06,2.06e-06,2.21e-06,524636596.1,1189.71,XLM,67.68959609192716,1.770714285714315e-06,1.8469993834378936e-06,55.03524521131123,1.6366666666666329e-06,1.7930078860902385e-06,49.6726629675282,1.9143333333333457e-06,1.937269474732753e-06
2017-03-24,2.21e-06,2.34e-06,2e-06,2.04e-06,177239992.5,380.16,XLM,59.19133757222956,1.808571428571458e-06,1.872732798979508e-06,51.71910304771845,1.648666666666633e-06,1.8089428611811908e-06,48.44483587742636,1.907166666666679e-06,1.9406376886759416e-06
2017-03-25,2.04e-06,2.31e-06,1.93e-06,2.07e-06,190856870.1,393.57,XLM,60.1375902497712,1.8492857142857437e-06,1.899035092448907e-06,52.24383134406632,1.6646666666666328e-06,1.8257852572340171e-06,48.672461487819454,1.902166666666679e-06,1.9448790759324683e-06
2017-03-26,2.07e-06,2.16e-06,1.7e-06,1.8e-06,244343158.7,473.65,XLM,49.14831343517125,1.865714285714315e-06,1.8858304134557193e-06,47.4480389876204,1.6699999999999662e-06,1.8241216922511774e-06,46.78249784402992,1.894166666666679e-06,1.9401289422953384e-06
2017-03-27,1.8e-06,2.01e-06,1.77e-06,1.96e-06,189066137.3,352.98,XLM,54.434894690483354,1.895714285714315e-06,1.8957196916616234e-06,50.244831275053635,1.6813333333332996e-06,1.8328880346865853e-06,47.999010278699686,1.8868333333333458e-06,1.940780452384016e-06
2017-03-28,1.96e-06,2.09e-06,1.79e-06,1.92e-06,230809299.7,444.58,XLM,52.96013299371981,1.9242857142857436e-06,1.8989570661067404e-06,49.56341429629232,1.695666666666633e-06,1.8385081614809992e-06,47.72174405561765,1.8798333333333457e-06,1.9400991260763434e-06
2017-03-29,1.92e-06,2.41e-06,1.84e-06,2.19e-06,519771959.2,1075.66,XLM,60.666861499842035,1.9621428571428866e-06,1.9377627906258415e-06,53.92212653729793,1.7169999999999664e-06,1.8611850542886767e-06,49.7150990141126,1.8760000000000126e-06,1.948292597352529e-06
2017-03-30,2.19e-06,2.7e-06,1.98e-06,2.17e-06,904093648.5,2151.03,XLM,59.88815400246352,1.9921428571428867e-06,1.9687277518757294e-06,53.567784340820914,1.7419999999999663e-06,1.8811085991732782e-06,49.57275100850954,1.8678333333333458e-06,1.9555616925212983e-06
2017-03-31,2.17e-06,2.62e-06,2.08e-06,2.44e-06,416346185.6,953.02,XLM,66.16920138822341,2.032857142857172e-06,2.031564051625632e-06,57.466825890271664,1.7759999999999664e-06,1.9171661089040344e-06,51.47953030383312,1.8668333333333455e-06,1.971444915717321e-06
2017-04-01,2.44e-06,4.3e-06,2.3e-06,3.89e-06,1841021850.0,5813.83,XLM,82.20372361550167,2.1800000000000295e-06,2.2793555114088812e-06,70.98686167478684,1.859999999999966e-06,2.0444457147811934e-06,59.782493527384204,1.8920000000000123e-06,2.0343483611036384e-06
2017-04-02,3.89e-06,4.51e-06,2.5e-06,2.75e-06,1306561259.0,4561.55,XLM,58.74845942317926,2.243571428571458e-06,2.342108109887697e-06,56.41748270999404,1.9053333333332995e-06,2.0899653460856327e-06,52.58931170040896,1.8978333333333455e-06,2.057812349264175e-06
2017-04-03,2.75e-06,2.92e-06,2.41e-06,2.64e-06,410780780.3,1110.27,XLM,57.065124005295594,2.2928571428571726e-06,2.3818270285693374e-06,55.28610573410752,1.9479999999999664e-06,2.1254514527897853e-06,51.97581149843021,1.9028333333333457e-06,2.0769004689604316e-06
2017-04-04,2.64e-06,3.13e-06,2.5e-06,2.76e-06,490998994.4,1397.01,XLM,58.45645207387839,2.357857142857173e-06,2.4322500914267592e-06,56.27456053470777,1.9886666666666324e-06,2.1663900687388314e-06,52.58923628438909,1.9113333333333455e-06,2.099297174896155e-06
2017-04-05,2.76e-06,2.98e-06,2.25e-06,2.38e-06,428303156.8,1113.19,XLM,52.66596671282526,2.3728571428571727e-06,2.425283412569858e-06,52.47845604220936,2.0133333333332994e-06,2.180171354626649e-06,50.51204187613348,1.9130000000000124e-06,2.108500546211035e-06
2017-04-06,2.38e-06,2.49e-06,2.19e-06,2.28e-06,496014756.7,1161.95,XLM,51.23500208021018,2.3778571428571727e-06,2.4059122908938773e-06,51.53315610286718,2.036666666666633e-06,2.1866119123926717e-06,49.98383404603696,1.913166666666679e-06,2.114123479122149e-06
2017-04-07,2.28e-06,2.64e-06,2.24e-06,2.47e-06,288274733.3,718.85,XLM,53.79089815671821,2.408571428571458e-06,2.4144573187746937e-06,53.18867283680504,2.0696666666666326e-06,2.204895014818951e-06,50.97413536526534,1.9183333333333456e-06,2.1257915617738817e-06
2017-04-08,2.47e-06,2.52e-06,2.21e-06,2.31e-06,278649529.9,660.62,XLM,51.362014912089116,2.425714285714315e-06,2.400529676271401e-06,51.65336909101615,2.095333333333299e-06,2.211675981604825e-06,50.12446268062388,1.9218333333333452e-06,2.131831182699328e-06
2017-04-09,2.31e-06,2.4e-06,2.2e-06,2.34e-06,142414582.6,327.5,XLM,51.79925112526691,2.4642857142857435e-06,2.3924590527685474e-06,51.92225063656521,2.1229999999999655e-06,2.2199549505335462e-06,50.282438807680364,1.9246666666666784e-06,2.1386563898239403e-06
2017-04-10,2.34e-06,2.38e-06,2.26e-06,2.31e-06,123716532.5,286.09,XLM,51.30509490357354,2.4892857142857437e-06,2.381464512399408e-06,51.62556261169117,2.1499999999999654e-06,2.22576430856364e-06,50.12103918078158,1.9276666666666786e-06,2.1442742131084015e-06
2017-04-11,2.31e-06,2.66e-06,2.28e-06,2.51e-06,339889647.2,843.03,XLM,54.41156672258141,2.531428571428601e-06,2.3986025774128203e-06,53.457641114553894,2.181333333333299e-06,2.2441020951079212e-06,51.183086424489886,1.9346666666666787e-06,2.1562652225146833e-06
2017-04-12,2.51e-06,2.64e-06,2.43e-06,2.63e-06,198450673.8,506.73,XLM,56.20753141830121,2.5628571428571726e-06,2.4294555670911107e-06,54.52543731834989,2.217666666666632e-06,2.2689987341332168e-06,51.8090111566723,1.943833333333345e-06,2.171797510301087e-06
2017-04-13,2.63e-06,2.84e-06,2.28e-06,2.67e-06,401770459.5,1060.89,XLM,56.81512994735782,2.598571428571458e-06,2.4615281581456295e-06,54.88197810384155,2.2559999999999654e-06,2.294869783543977e-06,52.0175043861614,1.9541666666666787e-06,2.188132018160068e-06
2017-04-14,2.67e-06,2.9e-06,2.58e-06,2.88e-06,195113695.7,533.52,XLM,59.94146069967954,2.63000000000003e-06,2.5173244037262123e-06,56.7227504444619,2.2966666666666323e-06,2.3326201200895268e-06,53.1005134586179,1.967500000000012e-06,2.210816214285967e-06
2017-04-15,2.88e-06,3.34e-06,2.74e-06,3.17e-06,454577397.9,1389.43,XLM,63.817142340873836,2.5785714285714583e-06,2.6043478165627175e-06,59.103715518187954,2.343999999999965e-06,2.3866446284708477e-06,54.54105537324245,1.9840000000000123e-06,2.2422648629979026e-06
2017-04-16,3.17e-06,3.25e-06,2.85e-06,2.98e-06,400842975.3,1211.98,XLM,59.75858121694337,2.5950000000000298e-06,2.654434774354355e-06,56.98134072606375,2.3809999999999654e-06,2.424925620182406e-06,53.447552764309435,1.999000000000012e-06,2.2664529002766597e-06
2017-04-17,2.98e-06,3.1e-06,2.77e-06,3.09e-06,233748568.3,680.29,XLM,61.28582056297483,2.627142857142887e-06,2.7125101377737744e-06,57.886057655238226,2.4229999999999656e-06,2.467833644686767e-06,53.99050474767226,2.0178333333333457e-06,2.293454444529884e-06
2017-04-18,3.09e-06,3.1e-06,2.83e-06,2.9e-06,223508790.9,663.17,XLM,57.26385333142865,2.637142857142887e-06,2.7375087860706044e-06,55.79181179371319,2.4576666666666325e-06,2.495715345029556e-06,52.90690043012747,2.0345000000000125e-06,2.313341184053494e-06
2017-04-19,2.9e-06,2.99e-06,2.6e-06,2.74e-06,251368913.6,701.31,XLM,54.06270429835688,2.6628571428571725e-06,2.737840947927857e-06,54.08898929316511,2.483999999999966e-06,2.51147564535023e-06,52.013159715617945,2.0486666666666793e-06,2.3273299976910845e-06
2017-04-20,2.74e-06,2.83e-06,2.64e-06,2.78e-06,146706526.9,401.57,XLM,54.7404069758578,2.698571428571458e-06,2.7434621548708094e-06,54.4481471815483,2.5149999999999658e-06,2.5287997972631183e-06,52.21831338662734,2.0630000000000123e-06,2.3421716371110487e-06
2017-04-21,2.78e-06,2.93e-06,2.76e-06,2.82e-06,105516290.3,299.7,XLM,55.44467283716432,2.723571428571458e-06,2.753667200888035e-06,54.81342092762367,2.5366666666666325e-06,2.547586907117111e-06,52.42509582153373,2.0801666666666793e-06,2.3578381408123257e-06
2017-04-22,2.82e-06,2.89e-06,2.75e-06,2.85e-06,65938618.9,185.74,XLM,55.994914346574845,2.7621428571428865e-06,2.7665115741029636e-06,55.09250365448518,2.557999999999966e-06,2.5670974292385874e-06,52.58156874597307,2.0973333333333455e-06,2.3739745952119216e-06
2017-04-23,2.85e-06,3.2e-06,2.8e-06,3.06e-06,327227057.4,998.12,XLM,59.72524935844927,2.813571428571458e-06,2.8056433642225685e-06,57.012939154209995,2.591999999999966e-06,2.5988975950941626e-06,53.666087035482306,2.1203333333333455e-06,2.3964672314344814e-06
2017-04-24,3.06e-06,3.1e-06,2.91e-06,2.99e-06,171294720.2,515.01,XLM,57.970190593212614,2.8621428571428873e-06,2.8302242489928928e-06,56.1853342877535,2.6226666666666326e-06,2.624130008313894e-06,53.25333064733044,2.1436666666666788e-06,2.4159273222071214e-06
2017-04-25,2.99e-06,3.21e-06,2.74e-06,2.99e-06,270695518.6,817.27,XLM,57.970190593212614,2.896428571428601e-06,2.8515276824605072e-06,56.18533428775349,2.662333333333299e-06,2.647734523906546e-06,53.25333064733045,2.166166666666679e-06,2.434749377216724e-06
2017-04-26,2.99e-06,3.06e-06,2.85e-06,3e-06,140148427.6,416.27,XLM,58.171763266295414,2.9228571428571725e-06,2.871323991465773e-06,56.282137854601174,2.696999999999966e-06,2.670461328815801e-06,53.30635931784911,2.1891666666666786e-06,2.453282184521094e-06
2017-04-27,3e-06,3.56e-06,2.94e-06,3.42e-06,530788307.9,1745.74,XLM,65.59661694221577,2.9764285714286008e-06,2.94448079260367e-06,60.107341539655465,2.7469999999999662e-06,2.7188186624405883e-06,55.463621072933535,2.2213333333333455e-06,2.4849778506023694e-06
2017-04-28,3.42e-06,3.93e-06,3.31e-06,3.77e-06,465745036.6,1719.28,XLM,70.30323972277544,3.0400000000000293e-06,3.054550020256514e-06,62.90245841711651,2.7996666666666328e-06,2.7866368132508727e-06,57.141198107022745,2.2583333333333453e-06,2.5271097243531116e-06
2017-04-29,3.77e-06,4.12e-06,3.53e-06,3.58e-06,531399133.2,2037.84,XLM,65.121435652564,3.069285714285744e-06,3.1246100175556455e-06,60.52365719867234,2.846666666666633e-06,2.8378215349766228e-06,55.97748718855036,2.294333333333345e-06,2.561630716997272e-06
2017-04-30,3.58e-06,4.2e-06,3e-06,3.67e-06,745620777.8,2781.63,XLM,66.3791066053827,3.118571428571458e-06,3.1973286818815593e-06,61.241106554758,2.887666666666633e-06,2.8915104682039376e-06,56.40504953181149,2.331833333333345e-06,2.5979706934891647e-06
2017-05-01,3.67e-06,3.81e-06,2.96e-06,3.33e-06,505081335.5,1694.48,XLM,57.92489156023893,3.135714285714315e-06,3.215018190964018e-06,57.18409331686951,2.868999999999966e-06,2.919800115416587e-06,54.376656488262384,2.3645000000000123e-06,2.6219716543583724e-06
2017-05-02,3.33e-06,3.65e-06,3.06e-06,3.47e-06,434301200.5,1456.43,XLM,60.16329146036905,3.1764285714286006e-06,3.249015765502149e-06,58.35787107984069,2.892999999999966e-06,2.955296882163904e-06,55.053299570556995,2.3991666666666783e-06,2.6497758624121962e-06
2017-05-03,3.47e-06,4.49e-06,3.42e-06,4.35e-06,972304833.5,3927.97,XLM,70.67134791506366,3.2914285714286003e-06,3.395813663435196e-06,64.65206175935596,2.949999999999966e-06,3.04527772847591e-06,58.94444682175555,2.4490000000000116e-06,2.7055209161035996e-06
2017-05-04,4.35e-06,8.96e-06,4.24e-06,7e-06,4414077502.0,30361.95,XLM,84.15584001818505,3.592857142857172e-06,3.876371841643837e-06,75.95932086492218,3.0913333333332995e-06,3.300421100832303e-06,67.54620337961863,2.540000000000012e-06,2.8463235090182356e-06
2017-05-05,7e-06,1.49e-05,6.9e-06,1.4099999999999999e-05,4780029492.0,51658.25,XLM,93.17012195002522,4.398571428571458e-06,5.239522262757992e-06,87.25050036149302,3.481999999999966e-06,3.997168126585058e-06,79.33797710673805,2.747666666666679e-06,3.2152965087225555e-06
2017-05-06,1.4099999999999999e-05,4.8599999999999995e-05,1.18e-05,2.7899999999999997e-05,6540551663.0,142389.44,XLM,96.87391480201208,6.187857142857172e-06,8.26091929439026e-06,93.43928176143702,4.335999999999966e-06,5.539286311966667e-06,87.97307831367189,3.1863333333333456e-06,4.0246310494201765e-06
2017-05-07,2.7899999999999997e-05,3.39e-05,1.8e-05,2.3199999999999998e-05,4221632524.0,114274.92,XLM,80.87070914918831,7.6264285714286e-06,1.0252796721804891e-05,79.80582985555786,5.026999999999966e-06,6.678687195065591e-06,76.85199496983778,3.5483333333333457e-06,4.6533316707506625e-06
2017-05-08,2.3199999999999998e-05,2.62e-05,1.1900000000000001e-05,1.58e-05,2723964569.0,47615.96,XLM,63.2457357525015,8.5414285714286e-06,1.099242382556424e-05,64.49562802585538,5.476666666666632e-06,7.267158988932327e-06,63.917993988284536,3.7860000000000125e-06,5.018796206135887e-06
2017-05-09,1.58e-05,2.1899999999999997e-05,1.5399999999999998e-05,1.77e-05,1405197403.0,26263.01,XLM,65.32467981139682,9.592142857142886e-06,1.1886767315489008e-05,66.21523621666056,5.988666666666633e-06,7.940245505775403e-06,65.4364310322072,4.055833333333346e-06,5.434573379705202e-06
2017-05-10,1.77e-05,2.4299999999999998e-05,1.4999999999999999e-05,2.02e-05,1763014382.0,33810.18,XLM,67.88553703035707,1.0820714285714314e-05,1.2995198340090472e-05,68.30260006017325,6.584999999999966e-06,8.731197408628603e-06,67.27849367933358,4.367500000000013e-06,5.918685727911589e-06
2017-05-11,2.02e-05,2.6000000000000002e-05,2e-05,2.3800000000000003e-05,1615518259.0,37322.32,XLM,71.17048120837114,1.2276428571428602e-05,1.4435838561411742e-05,70.97134525862039,7.2946666666666325e-06,9.703378220975145e-06,69.6467671287578,4.738000000000012e-06,6.504958326996455e-06
2017-05-12,2.3800000000000003e-05,2.48e-05,1.47e-05,2.11e-05,686528587.1,15271.58,XLM,65.7648587720282,1.3514285714285745e-05,1.5324393419890176e-05,66.62407757168393,7.910333333333299e-06,1.0438644142202555e-05,66.0041808148737,5.064000000000013e-06,6.983484283488375e-06
2017-05-13,2.11e-05,2.33e-05,2.01e-05,2.1600000000000003e-05,469229443.7,10203.52,XLM,66.27312513730409,1.4801428571428603e-05,1.6161140963904818e-05,67.0107581503636,8.541333333333299e-06,1.1158731616899164e-05,66.33566571105264,5.398666666666678e-06,7.462714306980559e-06
2017-05-14,2.1600000000000003e-05,2.59e-05,2.09e-05,2.51e-05,859475019.1,20309.73,XLM,69.65226938384023,1.633214285714289e-05,1.7352988835384176e-05,69.56157749913811,9.281999999999965e-06,1.2058168286776638e-05,68.5201433568974,5.789333333333345e-06,8.04098596904677e-06
2017-05-15,2.51e-05,3.01e-05,2.48e-05,2.8199999999999998e-05,1428161966.0,39557.38,XLM,72.28719294399423,1.8108571428571457e-05,1.8799256990666287e-05,71.5732992607683,1.0116333333333298e-05,1.3099576784403951e-05,70.25802279431906,6.230166666666678e-06,8.701937248750154e-06
2017-05-16,2.8199999999999998e-05,3.12e-05,1.86e-05,2.6700000000000002e-05,947634527.4,25304.53,XLM,69.17350990090121,1.9767857142857172e-05,1.985268939191078e-05,69.28376443615755,1.0906999999999965e-05,1.3977023443474663e-05,68.40041599684278,6.644000000000011e-06,9.29203766682392e-06
2017-05-17,2.6700000000000002e-05,2.68e-05,2.18e-05,2.4299999999999998e-05,520124363.1,12778.34,XLM,64.4169149676442,2.119285714285717e-05,2.044566413965601e-05,65.80355031947,1.1613999999999964e-05,1.4643021930992428e-05,65.57990860477531,7.018500000000012e-06,9.784102005616578e-06
2017-05-18,2.4299999999999998e-05,2.8800000000000002e-05,2.2899999999999998e-05,2.52e-05,689966117.9,17772.26,XLM,65.3735768700538,2.249285714285717e-05,2.1079575587701873e-05,66.45646292077008,1.2357333333333297e-05,1.532411729028324e-05,66.11264941555045,7.407500000000012e-06,1.0289541284120952e-05
2017-05-19,2.52e-05,2.8000000000000003e-05,2.49e-05,2.6300000000000002e-05,400607974.3,10579.33,XLM,66.55120653386192,2.336428571428574e-05,2.177563217600829e-05,67.24627779329042,1.314266666666663e-05,1.603223875542626e-05,66.7520854667141,7.813333333333344e-06,1.0814474356772724e-05
2017-05-20,2.6300000000000002e-05,3.47e-05,2.6000000000000002e-05,3.07e-05,868531077.8,26037.35,XLM,70.80633725337287,2.356428571428574e-05,2.296554788587385e-05,70.15125639346934,1.4073333333333296e-05,1.6978545932495532e-05,69.12156701416829,8.29416666666668e-06,1.1466458804091651e-05
2017-05-21,3.07e-05,3.26e-05,2.07e-05,2.3899999999999998e-05,750717719.8,19502.41,XLM,58.48643975794803,2.3614285714285738e-05,2.309014150109067e-05,61.44791353405008,1.4775999999999962e-05,1.74250913562055e-05,62.16104157256495,8.656333333333346e-06,1.1874115892482089e-05
2017-05-22,2.3899999999999998e-05,2.65e-05,2.2899999999999998e-05,2.44e-05,367825147.6,9153.39,XLM,59.047793454747726,2.4228571428571452e-05,2.3264789300945247e-05,61.80793246607306,1.5494333333333294e-05,1.7875085462256755e-05,62.443757490146076,9.02616666666668e-06,1.2284800617318742e-05
2017-05-23,2.44e-05,2.55e-05,1.92e-05,2.1e-05,450867393.1,10274.23,XLM,53.7521961158012,2.4464285714285738e-05,2.2962817394152548e-05,58.00192849310621,1.6092333333333298e-05,1.8076692851788577e-05,59.37674885088586,9.342166666666679e-06,1.2570544859373865e-05
2017-05-24,2.1e-05,2.11e-05,1.5399999999999998e-05,1.74e-05,752135982.4,13299.57,XLM,48.78839242589131,2.426428571428574e-05,2.2221108408265542e-05,54.34079920836813,1.6572666666666627e-05,1.8033035248447378e-05,56.39501513052713,9.59766666666668e-06,1.2728887650869804e-05
2017-05-25,1.74e-05,2.1899999999999997e-05,1.7100000000000002e-05,1.83e-05,598191701.6,11761.61,XLM,50.024562488872334,2.38714285714286e-05,2.1698293953830137e-05,55.07338215523415,1.708299999999996e-05,1.805025878080561e-05,56.94455488976932,9.872666666666678e-06,1.291154707215276e-05
2017-05-26,1.83e-05,1.92e-05,1.25e-05,1.62e-05,754108446.0,11647.64,XLM,47.17757576241938,2.3521428571428597e-05,2.0965188093319454e-05,53.022203465725234,1.752299999999996e-05,1.7930887246560086e-05,55.291539003629445,1.0110000000000012e-05,1.3019365200934637e-05
2017-05-27,1.62e-05,1.86e-05,1.4999999999999999e-05,1.65e-05,445775560.9,7563.15,XLM,47.6337375529415,2.3157142857142886e-05,2.036982968087686e-05,53.279074764471204,1.795899999999996e-05,1.7838571940330404e-05,55.47924058565663,1.035300000000001e-05,1.3133484374674486e-05
2017-05-28,1.65e-05,1.73e-05,1.58e-05,1.63e-05,272356678.3,4509.83,XLM,47.341714910882665,2.2528571428571458e-05,1.982718572342661e-05,53.07913647702475,1.8376666666666626e-05,1.7739309234502636e-05,55.321819828766074,1.0588166666666678e-05,1.3237304559111387e-05
2017-05-29,1.63e-05,1.67e-05,1.4099999999999999e-05,1.4099999999999999e-05,332876991.0,5201.9,XLM,44.15161442444427,2.1521428571428603e-05,1.906356096030306e-05,50.907657968786296,1.8727333333333292e-05,1.7504515090341176e-05,53.620319050609616,1.078700000000001e-05,1.3265589655533964e-05
2017-05-30,1.4099999999999999e-05,1.55e-05,1.3500000000000001e-05,1.51e-05,479011226.7,6952.86,XLM,45.92616385311275,2.0692857142857174e-05,1.8535086165595985e-05,51.833202286262264,1.9108333333333294e-05,1.734938508451271e-05,54.270284243572824,1.099800000000001e-05,1.3325734256991866e-05
2017-05-31,1.51e-05,1.86e-05,1.49e-05,1.7899999999999998e-05,824547628.4,14117.7,XLM,50.632073840879315,2.0235714285714318e-05,1.8450408010183187e-05,54.32471552295124,1.959399999999996e-05,1.7384908627447376e-05,56.0246038594132,1.123150000000001e-05,1.3475710182992133e-05
2017-06-01,1.7899999999999998e-05,1.82e-05,1.6e-05,1.63e-05,312332486.2,5260.41,XLM,48.07076110884693,1.9600000000000033e-05,1.816368694215876e-05,52.714629882090286,2.0021666666666628e-05,1.731491452245077e-05,54.803207198139646,1.1457333333333341e-05,1.356830984912354e-05
2017-06-02,1.63e-05,1.67e-05,1.4499999999999998e-05,1.5399999999999998e-05,283467214.9,4401.09,XLM,46.64856040816868,1.88214285714286e-05,1.7795195349870925e-05,51.82188435521635,2.0389999999999962e-05,1.719137165003459e-05,54.12836235538669,1.1670000000000009e-05,1.3628365263906375e-05
2017-06-03,1.5399999999999998e-05,1.6100000000000002e-05,1.49e-05,1.58e-05,35134868.52,543.09,XLM,47.389752774441135,1.775714285714289e-05,1.7529169303221468e-05,52.193710122452764,2.0683333333333295e-05,1.7101605737129134e-05,54.38218391872274,1.1887333333333342e-05,1.369956640279469e-05
2017-06-04,1.58e-05,1.6899999999999997e-05,1.53e-05,1.5399999999999998e-05,159154176.3,2543.5,XLM,46.694703426927624,1.7150000000000034e-05,1.724528006279194e-05,51.78075911960856,2.0726666666666632e-05,1.699182472183048e-05,54.07796710621365,1.2104333333333344e-05,1.3755318324014537e-05
2017-06-05,1.5399999999999998e-05,1.59e-05,1.3800000000000002e-05,1.57e-05,377017434.2,5619.54,XLM,47.31562608375852,1.652857142857146e-05,1.7039242721086347e-05,52.0746239329769,2.0319999999999965e-05,1.6908481191389805e-05,54.27301397927905,1.232800000000001e-05,1.381907837896488e-05
2017-06-06,1.57e-05,1.9600000000000002e-05,1.55e-05,1.76e-05,803877432.6,14084.1,XLM,51.17490205880321,1.628571428571432e-05,1.7114010358274835e-05,53.912772406429305,2.01333333333333e-05,1.6953095308074335e-05,55.490275037050324,1.2580166666666677e-05,1.3943043022277506e-05
2017-06-07,1.76e-05,2.07e-05,1.73e-05,1.7899999999999998e-05,881322366.7,16824.65,XLM,51.77255511271911,1.6321428571428605e-05,1.7218808977171523e-05,54.19938447000378,2.02033333333333e-05,1.701418593335986e-05,55.679666504718114,1.284000000000001e-05,1.4072779316629064e-05
2017-06-08,1.7899999999999998e-05,1.85e-05,1.6e-05,1.67e-05,392136581.7,6835.86,XLM,49.191940290009256,1.6207142857142886e-05,1.7149634446881988e-05,52.84111394262029,2.0169999999999964e-05,1.6993915873143095e-05,54.73257925593905,1.3079333333333342e-05,1.4158917699690406e-05
2017-06-09,1.67e-05,1.6899999999999997e-05,1.4400000000000001e-05,1.47e-05,316243904.0,4897.26,XLM,45.17127508715307,1.6100000000000032e-05,1.6823016520631056e-05,50.65485215690952,1.9986666666666632e-05,1.684592130068225e-05,53.19928161976682,1.3285833333333341e-05,1.4176658102979246e-05
2017-06-10,1.47e-05,1.6100000000000002e-05,1.4099999999999999e-05,1.5399999999999998e-05,286429589.9,4328.05,XLM,46.80181721300139,1.60214285714286e-05,1.6633280984546914e-05,51.38235154400161,1.970666666666663e-05,1.6752636055476943e-05,53.66120707680921,1.3500666666666676e-05,1.4216767673373369e-05
2017-06-11,1.5399999999999998e-05,1.6e-05,1.4499999999999998e-05,1.49e-05,210658142.1,3175.02,XLM,45.76034343398793,1.5921428571428606e-05,1.6402176853273992e-05,50.82923814275776,1.9499999999999966e-05,1.6633111148671977e-05,53.279325554366004,1.3705166666666676e-05,1.4239168733262767e-05
2017-06-12,1.49e-05,1.6e-05,1.4599999999999999e-05,1.53e-05,239896013.2,3651.64,XLM,46.77553990453696,1.600714285714289e-05,1.6255219939504125e-05,51.26293868990273,1.9289999999999966e-05,1.6547103977789912e-05,53.54819372079437,1.3915666666666676e-05,1.4273950086270545e-05
2017-06-13,1.53e-05,1.66e-05,1.51e-05,1.6e-05,287386405.1,4531.2,XLM,48.580077192886826,1.6071428571428606e-05,1.6221190614236908e-05,52.02809208886844,1.898666666666663e-05,1.6511806946964756e-05,54.0189818448001,1.4134333333333341e-05,1.4330541886720691e-05
2017-06-14,1.6e-05,1.63e-05,1.4499999999999998e-05,1.52e-05,199369203.2,3029.75,XLM,46.6436451991306,1.5878571428571463e-05,1.6085031865671986e-05,51.08102410664586,1.8553333333333297e-05,1.6427174240708965e-05,53.39026442125536,1.4334833333333342e-05,1.4359048710106897e-05
2017-06-15,1.52e-05,1.5399999999999998e-05,1.4599999999999999e-05,1.4999999999999999e-05,136314622.1,2052.81,XLM,46.150894326254104,1.578571428571432e-05,1.5940360950249053e-05,50.8419426799712,1.8163333333333296e-05,1.633509848324387e-05,53.23279111970993,1.4535166666666676e-05,1.4380063506496836e-05
2017-06-16,1.4999999999999999e-05,1.56e-05,1.4599999999999999e-05,1.52e-05,146387712.8,2215.76,XLM,46.75357682728085,1.5771428571428605e-05,1.5841646156882513e-05,51.07854882153173,1.7859999999999965e-05,1.626186632303459e-05,53.37260959303241,1.4737000000000012e-05,1.4406946670218252e-05
2017-06-17,1.52e-05,1.53e-05,1.4999999999999999e-05,1.52e-05,114177799.0,1729.64,XLM,46.75357682728086,1.572857142857146e-05,1.5756093335964845e-05,51.07854882153174,1.7526666666666632e-05,1.619335881832268e-05,53.37260959303241,1.4942000000000012e-05,1.4432948418735686e-05
2017-06-18,1.52e-05,1.65e-05,1.51e-05,1.6e-05,185301533.3,2871.14,XLM,49.35626565028462,1.5771428571428605e-05,1.5788614224502866e-05,52.06399744261577,1.7183333333333298e-05,1.6180884055850248e-05,53.94191607894312,1.516300000000001e-05,1.4484327159105007e-05
2017-06-19,1.6e-05,1.7199999999999998e-05,1.4599999999999999e-05,1.53e-05,405154304.0,6539.31,XLM,47.19361519420383,1.5742857142857176e-05,1.5723465661235817e-05,51.132713768282606,1.6669999999999964e-05,1.6124052826440555e-05,53.36231878091615,1.5371666666666677e-05,1.451107053093763e-05
2017-06-20,1.53e-05,1.55e-05,1.4400000000000001e-05,1.4599999999999999e-05,139814823.2,2087.91,XLM,45.07737071598931,1.552857142857146e-05,1.5573670239737708e-05,50.20475271075601,1.6359999999999965e-05,1.6025726837637938e-05,52.78569202860268,1.5568000000000014e-05,1.4513986251234757e-05
2017-06-21,1.4599999999999999e-05,1.4999999999999999e-05,1.4400000000000001e-05,1.4800000000000002e-05,111977905.8,1643.51,XLM,45.82108829515268,1.530714285714289e-05,1.547051420777268e-05,50.47013409523663,1.6039999999999965e-05,1.5946647686822587e-05,52.933426966095965,1.576716666666668e-05,1.4523363751194272e-05
2017-06-22,1.4800000000000002e-05,1.4999999999999999e-05,1.4300000000000002e-05,1.49e-05,97545218.71,1440.78,XLM,46.211282793711675,1.5178571428571463e-05,1.5394445646736322e-05,50.60614256342492,1.5836666666666633e-05,1.5879122029608225e-05,53.008171685465044,1.5964500000000013e-05,1.4535712480663313e-05
2017-06-23,1.49e-05,1.4999999999999999e-05,1.4300000000000002e-05,1.4400000000000001e-05,85620735.71,1251.82,XLM,44.49459488036894,1.5157142857142891e-05,1.5261852893838147e-05,49.89820627494631,1.573666666666663e-05,1.5783694801891566e-05,52.583681633927334,1.615466666666668e-05,1.4531262891133369e-05
2017-06-24,1.4400000000000001e-05,1.4499999999999998e-05,1.18e-05,1.29e-05,311258774.2,4161.43,XLM,39.74838156593957,1.4978571428571461e-05,1.4946939174659728e-05,47.82424448081646,1.5556666666666632e-05,1.5597649975963077e-05,51.32997595958524,1.6319833333333343e-05,1.4477778861915882e-05
2017-06-25,1.29e-05,1.3800000000000002e-05,1.06e-05,1.21e-05,387270152.6,4671.84,XLM,37.46475619945209,1.4778571428571461e-05,1.4567347284705098e-05,46.75329928181244,1.5419999999999964e-05,1.5371995138804167e-05,50.67486552175448,1.647150000000001e-05,1.4399818899230116e-05
2017-06-26,1.21e-05,1.3000000000000001e-05,1.0300000000000001e-05,1.13e-05,243611828.6,2817.36,XLM,35.29231147473554,1.4492857142857176e-05,1.4131700980077751e-05,45.69590525007364,1.524666666666663e-05,1.510928577501035e-05,50.02575935889054,1.660283333333334e-05,1.4298185492697981e-05
